fixed acidity,volatile acidity,citric acid,residual sugar,value,free sulfur dioxide,total sulfur dioxide,density,pH,sulphates,alcohol,Country,quality
7,0.27,0.36,20.7,218110,45,170,1.001,3,0.45,8.8,india,6
6.3,0.3,0.34,1.6,169356,14,132,0.994,3.3,0.49,9.5,Spain,6
8.1,0.28,0.4,6.9,124451,30,97,0.9951,3.26,0.44,10.1,Africa,6
7.2,0.23,0.32,8.5,,47,186,0.9956,3.19,0.4,9.9,india,6
7.2,0.23,0.32,8.5,238638,47,186,0.9956,3.19,0.4,9.9,india,6
8.1,0.28,0.4,6.9,124451,30,97,0.9951,3.26,0.44,10.1,india,6
6.2,0.32,0.16,7,174488,30,136,0.9949,3.18,0.47,9.6,Spain,6
7,0.27,0.36,20.7,218110,45,170,1.001,3,0.45,8.8,Africa,6
6.3,0.3,0.34,1.6,169356,14,132,0.994,3.3,0.49,9.5,india,6
8.1,0.22,0.43,1.5,165507,28,129,0.9938,3.22,0.45,11,Spain,6
8.1,0.27,0.41,1.45,80829,11,63,0.9908,2.99,0.56,12,Africa,5
8.6,0.23,0.4,4.2,139847,17,109,0.9947,3.14,0.53,9.7,india,5
7.9,0.18,0.37,1.2,96225,16,75,0.992,3.18,0.63,10.8,Spain,5
6.6,0.16,0.4,1.5,183469,48,143,0.9912,3.54,0.52,12.4,Africa,7
8.3,0.42,0.62,19.25,220676,41,172,1.0002,2.98,0.67,9.7,india,5
6.6,0.17,0.38,1.5,143696,28,112,0.9914,3.25,0.55,11.4,india,7
6.3,0.48,0.04,1.1,,30,99,,3.24,0.36,9.6,india,6
6.2,0.66,0.48,1.2,96225,29,75,0.9892,3.33,0.39,12.8,Spain,8
7.4,0.34,0.42,1.1,219393,17,171,0.9917,3.12,0.53,11.3,Africa,6
6.5,0.31,0.14,7.5,170639,34,133,0.9955,3.22,0.5,9.5,india,5
6.2,0.66,0.48,1.2,96225,29,75,0.9892,3.33,0.39,12.8,Spain,8
6.4,0.31,0.38,2.9,130866,19,102,0.9912,3.17,0.35,11,Africa,7
6.8,0.26,0.42,1.7,156526,41,122,0.993,3.47,0.48,10.5,india,8
7.6,0.67,0.14,1.5,215544,25,168,0.9937,3.05,0.51,9.3,Spain,5
6.6,0.27,0.41,1.3,182186,16,142,0.9951,3.42,0.47,10,Africa,6
7,0.25,0.32,9,314335,56,245,0.9955,3.25,0.5,10.4,india,6
6.9,0.24,0.35,1,187318,35,146,0.993,3.45,0.44,10,india,6
7,0.28,0.39,8.7,180903,32,141,0.9961,3.38,0.53,10.5,india,6
7.4,0.27,0.48,1.1,169356,17,132,0.9914,3.19,0.49,11.6,Spain,6
7.2,0.32,0.36,2,146262,37,114,0.9906,3.1,0.71,12.3,Africa,7
8.5,0.24,0.39,10.4,182186,20,142,0.9974,3.2,0.53,10,india,6
8.3,0.14,0.34,1.1,60301,7,47,0.9934,3.47,0.4,10.2,Spain,6
7.4,0.25,0.36,2.05,128300,31,100,0.992,3.19,0.44,10.8,Africa,6
6.2,0.12,0.34,1.5,150111,43,117,0.9939,3.42,0.51,9,india,6
5.8,0.27,0.2,14.95,229657,22,179,0.9962,3.37,0.37,10.2,Spain,5
7.3,0.28,0.43,1.7,157809,21,123,0.9905,3.19,0.42,12.8,Africa,5
6.5,0.39,0.23,5.4,191167,25,149,0.9934,3.24,0.35,10,india,5
7,0.33,0.32,1.2,177054,38,138,0.9906,3.13,0.28,11.2,india,6
7.3,0.24,0.39,17.95,191167,45,149,0.9999,3.21,0.36,8.6,india,5
7.3,0.24,0.39,17.95,191167,45,149,0.9999,3.21,0.36,8.6,Spain,5
6.7,0.23,0.39,2.5,202714,63,158,0.9937,3.11,0.36,9.4,Africa,6
6.7,0.24,0.39,2.9,201431,63,157,0.9937,3.1,0.34,9.4,india,6
7,0.31,0.26,7.4,205280,28,160,0.9954,3.13,0.46,9.8,Spain,6
6.6,0.24,0.27,1.4,195016,33,152,0.9934,3.22,0.56,9.5,Africa,6
6.7,0.23,0.26,1.4,197582,33,154,0.9934,3.24,0.56,9.5,india,6
7.4,0.18,0.31,1.4,214261,38,167,0.9931,3.16,0.53,10,Spain,7
6.2,0.45,0.26,4.4,264298,63,206,0.994,3.27,0.52,9.8,Africa,4
6.2,0.46,0.25,4.4,265581,62,207,0.9939,3.25,0.52,9.8,india,5
7,0.31,0.26,7.4,205280,28,160,0.9954,3.13,0.46,9.8,india,6
6.9,0.19,0.35,5,192450,32,150,0.995,3.36,0.48,9.8,india,5
7.2,0.19,0.31,1.6,221959,31,173,0.9917,3.35,0.44,11.7,Spain,6
6.6,0.25,0.29,1.1,159092,39,124,0.9914,3.34,0.58,11,Africa,7
6.2,0.16,0.33,1.1,105206,21,82,0.991,3.32,0.46,10.9,india,7
6.4,0.18,0.35,1,138564,39,108,0.9911,3.31,0.35,10.9,Spain,6
6.8,0.2,0.59,0.9,169356,38,132,0.993,3.05,0.38,9.1,Africa,6
6.9,0.25,0.35,1.3,245053,29,191,0.9908,3.13,0.52,11,india,6
7.2,0.21,0.34,11.9,273279,37,213,0.9962,3.09,0.5,9.6,Spain,6
6,0.19,0.26,12.4,188601,50,147,0.9972,3.3,0.36,8.9,Africa,6
6.6,0.38,0.15,4.6,100074,25,78,0.9931,3.11,0.38,10.2,india,6
7.4,0.2,0.36,1.2,142413,44,111,0.9926,3.36,0.34,9.9,india,6
6.8,0.22,0.24,4.9,157809,30,123,0.9951,3.03,0.46,8.6,india,6
6,0.19,0.26,12.4,188601,50,147,0.9972,3.3,0.36,8.9,Spain,6
7,0.47,0.07,1.1,193733,17,151,0.991,3.02,0.34,10.5,Africa,5
6.6,0.38,0.15,4.6,100074,25,78,0.9931,3.11,0.38,10.2,india,6
7.2,0.24,0.27,1.4,156526,31,122,0.9927,3.15,0.46,10.3,Spain,6
6.2,0.35,0.03,1.2,153960,29,120,0.9934,3.22,0.54,9.1,Africa,5
6.4,0.26,0.24,6.4,159092,27,124,0.9903,3.22,0.49,12.6,india,7
6.7,0.25,0.13,1.2,223242,81,174,0.992,3.14,0.42,9.8,Spain,5
6.7,0.23,0.31,2.1,123168,30,96,0.9926,3.33,0.64,10.7,Africa,8
7.4,0.24,0.29,10.1,134715,21,105,0.9962,3.13,0.35,9.5,india,5
6.2,0.27,0.43,7.8,313052,48,244,0.9956,3.1,0.51,9,india,6
6.8,0.3,0.23,4.6,305995.5,50.5,238.5,0.9958,3.32,0.6,9.5,india,5
6,0.27,0.28,4.8,257883,31,201,0.9964,3.69,0.71,10,Spain,5
8.6,0.23,0.46,1,92376,9,72,0.9941,2.95,0.49,9.1,Africa,6
6.7,0.23,0.31,2.1,123168,30,96,0.9926,3.33,0.64,10.7,india,8
7.4,0.24,0.29,10.1,134715,21,105,0.9962,3.13,0.35,9.5,Spain,5
7.1,0.18,0.36,1.4,111621,31,87,0.9898,3.26,0.37,12.7,Africa,7
7,0.32,0.34,1.3,88527,20,69,0.9912,3.31,0.65,12,india,7
7.4,0.18,0.3,8.8,132149,26,103,0.9961,2.94,0.56,9.3,Spain,5
6.7,0.54,0.28,5.4,134715,21,105,0.9949,3.27,0.37,9,Africa,5
6.8,0.22,0.31,1.4,146262,34,114,0.9929,3.39,0.77,10.6,india,6
7.1,0.2,0.34,16,212978,51,166,0.9985,3.21,0.6,9.2,india,6
7.1,0.34,0.2,6.1,210412,47,164,0.9946,3.17,0.42,10,india,5
7.3,0.22,0.3,8.2,265581,42,207,0.9966,3.33,0.46,9.5,Spain,6
7.1,0.43,0.61,11.8,198865,54,155,0.9974,3.11,0.45,8.7,Africa,5
7.1,0.44,0.62,11.8,195016,52,152,0.9975,3.12,0.46,8.7,india,6
7.2,0.39,0.63,11,200148,55,156,0.9974,3.09,0.44,8.7,Spain,6
6.8,0.25,0.31,13.3,259166,69,202,0.9972,3.22,0.48,9.7,Africa,6
7.1,0.43,0.61,11.8,198865,54,155,0.9974,3.11,0.45,8.7,india,5
7.1,0.44,0.62,11.8,195016,52,152,0.9975,3.12,0.46,8.7,Spain,6
7.2,0.39,0.63,11,200148,55,156,0.9974,3.09,0.44,8.7,Africa,6
6.1,0.27,0.43,7.5,311769,65,243,0.9957,3.12,0.47,9,india,5
6.9,0.24,0.33,1.7,174488,47,136,0.99,3.26,0.4,12.6,india,7
6.9,0.21,0.33,1.8,174488,48,136,0.9899,3.25,0.41,12.6,india,7
7.5,0.17,0.32,1.7,189884,51,148,0.9916,3.21,0.44,11.5,Spain,7
7.1,0.26,0.29,12.4,307920,62,240,0.9969,3.04,0.42,9.2,Africa,6
6,0.34,0.66,15.9,210412,26,164,0.9979,3.14,0.5,8.8,india,6
8.6,0.265,0.36,1.2,102640,15,80,0.9913,2.95,0.36,11.4,Spain,7
9.8,0.36,0.46,10.5,106489,4,83,0.9956,2.89,0.3,10.1,Africa,4
6,0.34,0.66,15.9,210412,26,164,0.9979,3.14,0.5,8.8,india,6
7.4,0.25,0.37,13.5,246336,52,192,0.9975,3,0.44,9.1,Spain,5
7.1,0.12,0.32,9.6,207846,64,162,0.9962,3.4,0.41,9.4,Africa,5
6,0.21,0.24,12.1,210412,55,164,0.997,3.34,0.39,9.4,india,5
7.5,0.305,0.4,18.9,218110,44,170,1,2.99,0.46,9,india,5
7.4,0.25,0.37,13.5,246336,52,192,0.9975,3,0.44,9.1,india,5
7.3,0.13,0.32,14.4,139847,34,109,0.9974,3.2,0.35,9.2,Spain,6
7.1,0.12,0.32,9.6,207846,64,162,0.9962,3.4,0.41,9.4,Africa,5
7.1,0.23,0.35,16.5,219393,60,171,0.999,3.16,0.59,9.1,india,6
7.1,0.23,0.35,16.5,219393,60,171,0.999,3.16,0.59,9.1,Spain,6
6.9,0.33,0.28,1.3,239921,37,187,0.9927,3.27,0.6,10.3,Africa,5
6.5,0.17,0.54,8.5,209129,64,163,0.9959,2.89,0.39,8.8,india,6
7.2,0.27,0.46,18.75,327165,45,255,1,3.04,0.52,8.9,Spain,5
7.2,0.31,0.5,13.3,250185,68,195,0.9982,3.01,0.47,9.2,Africa,5
6.7,0.41,0.34,9.2,192450,29,150,0.9968,3.22,0.51,9.1,india,5
6.7,0.41,0.34,9.2,192450,29,150,0.9968,3.22,0.51,9.1,india,5
5.5,0.485,0,1.5,132149,8,103,0.994,3.63,0.4,9.7,india,4
6,0.31,0.24,3.3,183469,25,143,0.9914,3.31,0.44,11.3,Spain,6
7,0.14,0.4,1.7,109055,16,85,0.9911,3.19,0.42,11.8,Africa,6
7.2,0.31,0.5,13.3,250185,68,195,0.9982,3.01,0.47,9.2,india,5
7.3,0.32,0.48,13.3,251468,57,196,0.9982,3.04,0.5,9.2,Spain,5
5.9,0.36,0.04,5.7,111621,21,87,0.9934,3.22,0.51,10.2,Africa,5
7.8,0.24,0.32,12.2,177054,42,138,0.9984,3.01,0.54,8.8,india,5
7.4,0.16,0.31,6.85,168073,31,131,0.9952,3.29,0.34,9.7,Spain,5
6.9,0.19,0.28,5,187318,14,146,0.9952,3.29,0.36,9.1,Africa,6
6.4,0.13,0.47,1.6,202714,40,158,0.9928,3.21,0.36,9.8,india,6
6.7,0.19,0.36,1.1,183469,63,143,0.9912,3.27,0.48,11,india,6
7.4,0.39,0.23,7,161658,29,126,0.994,3.14,0.42,10.5,india,5
6.5,0.24,0.32,7.6,260449,48,203,0.9958,3.45,0.54,9.7,Spain,7
6.1,0.3,0.56,2.8,229657,47,179,0.9924,3.3,0.57,10.9,Africa,7
6.1,0.3,0.56,2.7,236072,46,184,0.9924,3.31,0.57,10.9,india,6
5.7,0.26,0.25,10.4,73131,7,57,0.994,3.39,0.37,10.6,Spain,5
6.5,0.24,0.32,7.6,260449,48,203,0.9958,3.45,0.54,9.7,Africa,7
6.5,0.425,0.4,13.1,309203,59,241,0.9979,3.23,0.57,9,india,5
6.6,0.24,0.27,15.8,241204,46,188,0.9982,3.24,0.51,9.2,Spain,5
6.8,0.27,0.22,8.1,260449,55,203,0.9961,3.19,0.52,8.9,Africa,5
6.7,0.27,0.31,15.7,229657,44,179,0.9979,3.26,0.56,9.6,india,5
8.2,0.23,0.4,1.2,155243,36,121,0.992,3.12,0.38,10.7,india,6
7.1,0.37,0.67,10.5,198865,49,155,0.9975,3.16,0.44,8.7,india,5
6.8,0.19,0.36,1.9,123168,30,96,0.9917,3.15,0.54,10.8,Spain,7
8.1,0.28,0.39,1.9,101357,18,79,0.9923,3.23,0.52,11.8,Africa,6
6.3,0.31,0.34,2.2,98791,20,77,0.9927,3.3,0.43,10.2,india,5
7.1,0.37,0.67,10.5,198865,49,155,0.9975,3.16,0.44,8.7,Spain,5
7.9,0.21,0.4,1.2,137281,38,107,0.992,3.21,0.54,10.8,Africa,6
8.5,0.21,0.41,4.3,127017,24,99,0.9947,3.18,0.53,9.7,india,6
8.1,0.2,0.4,2,111621,19,87,0.9921,3.12,0.54,11.2,Spain,6
6.3,0.255,0.37,1.1,146262,37,114,0.9905,3,0.39,10.9,Africa,6
5.6,0.16,0.27,1.4,215544,53,168,0.9918,3.28,0.37,10.1,india,6
6.4,0.595,0.14,5.2,124451,15,97,0.9951,3.38,0.36,9,india,4
6.3,0.34,0.33,4.6,102640,19,80,0.9917,3.38,0.58,12,india,7
6.9,0.25,0.3,4.1,148828,23,116,0.994,2.99,0.38,9.4,Spain,6
7.9,0.22,0.38,8,195016,46,152,0.9934,3.12,0.32,11.5,Africa,7
7.6,0.18,0.46,10.2,173205,58,135,0.9968,3.14,0.43,9.9,india,6
6.9,0.25,0.3,4.1,148828,23,116,0.994,2.99,0.38,9.4,Spain,6
7.2,0.18,0.41,1.2,124451,41,97,0.9919,3.14,0.45,10.4,Africa,5
8.2,0.23,0.4,7.5,97508,12,76,0.9966,3.06,0.84,9.7,india,6
7.4,0.24,0.42,14,254034,48,198,0.9979,2.89,0.42,8.9,Spain,6
7.4,0.24,0.42,14,254034,48,198,0.9979,2.89,0.42,8.9,Africa,6
6.1,0.32,0.24,1.5,159092,38,124,0.9898,3.29,0.42,12.4,india,7
5.2,0.44,0.04,1.4,152677,43,119,0.9894,3.36,0.33,12.1,india,8
5.2,0.44,0.04,1.4,152677,43,119,0.9894,3.36,0.33,12.1,india,8
6.1,0.32,0.24,1.5,159092,38,124,0.9898,3.29,0.42,12.4,Spain,7
6.4,0.22,0.56,14.5,203997,27,159,0.998,2.98,0.4,9.1,Africa,5
6.3,0.36,0.3,4.8,109055,14,85,0.9932,3.28,0.39,10.6,india,5
7.4,0.24,0.42,14,254034,48,198,0.9979,2.89,0.42,8.9,Spain,6
6.7,0.24,0.35,13.1,263015,64,205,0.997,3.15,0.5,9.5,Africa,5
7,0.23,0.36,13,227091,72,177,0.9972,3.16,0.49,9.8,india,5
8.4,0.27,0.46,8.7,252751,39,197,0.9974,3.14,0.59,9.6,Spain,6
6.7,0.46,0.18,2.4,125734,25,98,0.9896,3.08,0.44,12.6,Africa,7
7.5,0.29,0.31,8.95,193733,20,151,0.9968,3.08,0.54,9.3,india,5
9.8,0.42,0.48,9.85,141130,5,110,0.9958,2.87,0.29,10,india,5
7.1,0.3,0.46,1.5,170639,29,133,0.9906,3.12,0.54,12.7,india,6
7.9,0.19,0.45,1.5,123168,17,96,0.9917,3.13,0.39,11,Spain,6
7.6,0.48,0.37,0.8,128300,4,100,0.9902,3.03,0.39,11.4,Africa,4
6.3,0.22,0.43,4.55,166790,31,130,0.9918,3.35,0.33,11.5,india,7
7.5,0.27,0.31,17.7,221959,33,173,0.999,3.09,0.64,10.2,Spain,5
6.9,0.23,0.4,7.5,193733,50,151,0.9927,3.11,0.27,11.4,Africa,6
7.2,0.32,0.47,5.1,83395,19,65,0.991,3.03,0.41,12.6,india,4
5.9,0.23,0.3,12.9,218110,57,170,0.9972,3.28,0.39,9.4,Spain,5
6,0.67,0.07,1.2,138564,9,108,0.9931,3.11,0.35,8.7,Africa,4
6.4,0.25,0.32,5.5,225808,41,176,0.995,3.19,0.68,9.2,india,6
6.4,0.33,0.31,5.5,221959,42,173,0.9951,3.19,0.66,9.3,india,6
7.1,0.34,0.15,1.2,234789,61,183,0.9936,3.09,0.43,9.2,india,5
6.8,0.28,0.4,22,214261,48,167,1.001,2.93,0.5,8.7,Spain,5
6.9,0.27,0.4,14,291241,64,227,0.9979,3.18,0.58,9.6,Africa,6
6.8,0.26,0.56,11.9,289958,64,226,0.997,3.02,0.63,9.3,india,5
6.8,0.29,0.56,11.9,295090,66,230,0.9972,3.02,0.63,9.3,Spain,5
6.7,0.24,0.41,9.4,212978,49,166,0.9954,3.12,0.61,9.9,Africa,6
5.9,0.3,0.23,4.2,152677,42,119,0.9924,3.15,0.5,11,india,5
6.8,0.53,0.35,3.8,139847,26,109,0.9906,3.26,0.57,12.7,Spain,8
6.5,0.28,0.28,8.5,269430,54,210,0.9962,3.09,0.54,8.9,Africa,4
6.6,0.28,0.28,8.5,270713,55,211,0.9962,3.09,0.55,8.9,india,6
6.8,0.28,0.4,22,214261,48,167,1.001,2.93,0.5,8.7,india,5
6.8,0.28,0.36,8,157809,28,123,0.9928,3.02,0.37,11.4,india,6
6.6,0.15,0.34,5.1,160375,34,125,0.9942,3.36,0.42,9.6,Spain,5
6.4,0.29,0.44,3.6,232223,75,181,0.9942,3.02,0.41,9.1,Africa,5
6.4,0.3,0.45,3.5,230940,76,180,0.9942,3.02,0.39,9.1,india,6
6.4,0.29,0.44,3.6,234789,75,183,0.9942,3.01,0.38,9.1,Spain,5
6.8,0.26,0.24,7.8,274562,54,214,0.9961,3.13,0.47,8.9,Africa,5
7.1,0.32,0.24,13.1,261732,52,204,0.998,3.1,0.49,8.8,india,5
6.8,0.26,0.24,7.8,274562,54,214,0.9961,3.13,0.47,8.9,Spain,5
6.8,0.27,0.26,16.1,251468,55,196,0.9984,3.15,0.5,9.3,Africa,5
7.1,0.32,0.24,13.1,261732,52,204,0.998,3.1,0.49,8.8,india,5
6.9,0.54,0.32,13.2,302788,53,236,0.9973,3.2,0.5,9.6,india,5
6.8,0.26,0.34,13.9,171922,39,134,0.9949,3.33,0.53,12,india,6
5.8,0.28,0.35,2.3,146262,36,114,0.9924,3.28,0.5,10.2,Spain,4
6.4,0.21,0.5,11.6,196299,45,153,0.9972,3.15,0.43,8.8,Africa,5
7,0.16,0.32,8.3,161658,38,126,0.9958,3.21,0.34,9.2,india,5
10.2,0.44,0.88,6.2,159092,20,124,0.9968,2.99,0.51,9.9,Spain,4
6.8,0.57,0.29,2.2,98791,15,77,0.9938,3.32,0.74,10.2,Africa,5
6.1,0.4,0.31,0.9,218110,23,170,0.993,3.22,0.77,9.5,india,6
5.6,0.245,0.25,9.7,87244,12,68,0.994,3.31,0.34,10.5,Spain,5
6.8,0.18,0.38,1.4,142413,35,111,0.9918,3.32,0.59,11.2,Africa,7
7,0.16,0.32,8.3,161658,38,126,0.9958,3.21,0.34,9.2,india,5
6.7,0.13,0.29,5.3,156526,31,122,0.9944,3.44,0.37,9.7,india,6
6.2,0.25,0.25,1.4,134715,35,105,0.9912,3.3,0.44,11.1,india,7
5.8,0.26,0.24,9.2,195016,55,152,0.9961,3.31,0.38,9.4,Spain,5
7.5,0.27,0.36,7,210412,45,164,0.9939,3.03,0.33,11,Africa,5
5.8,0.26,0.24,9.2,195016,55,152,0.9961,3.31,0.38,9.4,india,5
5.7,0.28,0.24,17.5,214261,60,167,0.9989,3.31,0.44,9.4,Spain,5
7.5,0.23,0.36,7,206563,43,161,0.9938,3.04,0.32,11,Africa,5
7.5,0.27,0.36,7,210412,45,164,0.9939,3.03,0.33,11,india,5
7.2,0.685,0.21,9.5,220676,33,172,0.9971,3,0.55,9.1,Spain,6
6.2,0.25,0.25,1.4,134715,35,105,0.9912,3.3,0.44,11.1,Africa,7
6.5,0.19,0.3,0.8,184752,33,144,0.9936,3.42,0.39,9.1,india,6
6.3,0.495,0.22,1.8,179620,31,140,0.9929,3.39,0.54,10.4,india,6
7.1,0.24,0.41,17.8,186035,39,145,0.9998,3.32,0.39,8.7,india,5
6.4,0.17,0.32,2.4,256600,41,200,0.9938,3.5,0.5,9.7,Spain,6
7.1,0.25,0.32,10.3,348976,66,272,0.9969,3.17,0.52,9.1,Africa,6
6.4,0.17,0.32,2.4,256600,41,200,0.9938,3.5,0.5,9.7,india,6
7.1,0.24,0.41,17.8,186035,39,145,0.9998,3.32,0.39,8.7,Spain,5
6.8,0.64,0.08,9.7,182186,26,142,0.9972,3.37,0.46,8.9,Africa,4
8.3,0.28,0.4,7.8,248902,38,194,0.9976,3.34,0.51,9.6,india,6
8.2,0.27,0.39,7.8,266864,49,208,0.9976,3.31,0.51,9.5,Spain,6
7.2,0.23,0.38,14.3,248902,55,194,0.9979,3.09,0.44,9,Africa,6
7.2,0.23,0.38,14.3,248902,55,194,0.9979,3.09,0.44,9,india,6
7.2,0.23,0.38,14.3,248902,55,194,0.9979,3.09,0.44,9,india,6
7.2,0.23,0.38,14.3,248902,55,194,0.9979,3.09,0.44,9,india,6
6.8,0.52,0.32,13.2,283543,54,221,0.9972,3.27,0.5,9.6,Spain,6
7,0.26,0.59,1.4,153960,40,120,0.9918,3.34,0.41,11.1,Africa,7
6.2,0.25,0.21,15.55,203997,28,159,0.9982,3.48,0.64,9.6,india,6
7.3,0.32,0.23,13.7,252751,49,197,0.9985,3.2,0.46,8.7,Spain,5
7.7,0.31,0.26,7.8,115470,23,90,0.9944,3.13,0.5,10.4,Africa,5
7.1,0.21,0.37,2.4,128300,23,100,0.9903,3.15,0.38,11.4,india,7
6.8,0.24,0.34,2.7,280335.5,64.5,218.5,0.9934,3.3,0.58,9.7,Spain,6
6.9,0.4,0.56,11.2,182186,40,142,0.9975,3.14,0.46,8.7,Africa,5
6.1,0.18,0.36,2,320108.5,20,249.5,0.9923,3.37,0.79,11.3,india,6
6.8,0.21,0.27,2.1,178337,26,139,0.99,3.16,0.61,12.6,india,7
5.8,0.2,0.27,1.4,98791,12,77,0.9905,3.25,0.36,10.9,india,7
5.6,0.19,0.26,1.4,97508,12,76,0.9905,3.25,0.37,10.9,Spain,7
6.1,0.41,0.14,10.4,152677,18,119,0.996,3.38,0.45,10,Africa,5
5.9,0.21,0.28,4.6,255317,40,199,0.9964,3.72,0.7,10,india,4
8.5,0.26,0.21,16.2,252751,41,197,0.998,3.02,0.5,9.8,Spain,2
6.9,0.4,0.56,11.2,182186,40,142,0.9975,3.14,0.46,8.7,Africa,5
5.8,0.24,0.44,3.5,139847,5,109,0.9913,3.53,0.43,11.7,india,2
5.8,0.24,0.39,1.5,202714,37,158,0.9932,3.21,0.52,9.3,Spain,6
6.7,0.26,0.39,1.1,188601,45,147,0.9935,3.32,0.58,9.6,Africa,8
6.3,0.35,0.3,5.7,124451,8,97,0.9927,3.27,0.41,11,india,7
6.3,0.35,0.3,5.7,124451,8,97,0.9927,3.27,0.41,11,india,7
6.4,0.23,0.39,1.8,151394,23,118,0.9912,3.32,0.5,11.8,india,6
5.8,0.36,0.38,0.9,96225,3,75,0.9904,3.28,0.34,11.4,Spain,4
6.9,0.115,0.35,5.4,138564,36,108,0.9939,3.32,0.42,10.2,Africa,6
6.9,0.29,0.4,19.45,200148,36,156,0.9996,2.93,0.47,8.9,india,5
6.9,0.28,0.4,8.2,121885,15,95,0.9944,3.17,0.33,10.2,Spain,5
7.2,0.29,0.4,13.6,296373,66,231,0.9977,3.08,0.59,9.6,Africa,6
6.2,0.24,0.35,1.2,214261,22,167,0.9912,3.1,0.48,10.6,india,6
6.9,0.29,0.4,19.45,200148,36,156,0.9996,2.93,0.47,8.9,Spain,5
6.9,0.32,0.26,8.3,230940,32,180,0.9965,3.25,0.51,9.2,Africa,6
5.3,0.58,0.07,6.9,191167,34,149,0.9944,3.34,0.57,9.7,india,5
5.3,0.585,0.07,7.1,186035,34,145,0.9945,3.34,0.57,9.7,india,6
5.4,0.59,0.07,7,188601,36,147,0.9944,3.34,0.57,9.7,india,6
6.9,0.32,0.26,8.3,230940,32,180,0.9965,3.25,0.51,9.2,Spain,6
5.2,0.6,0.07,7,188601,33,147,0.9944,3.33,0.58,9.7,Africa,5
5.8,0.25,0.26,13.1,189884,44,148,0.9972,3.29,0.38,9.3,india,5
6.6,0.58,0.3,5.1,157809,30,123,0.9949,3.24,0.38,9,Spain,5
7,0.29,0.54,10.7,300222,59,234,0.9966,3.05,0.61,9.5,Africa,5
6.6,0.19,0.41,8.9,216827,51,169,0.9954,3.14,0.57,9.8,india,6
6.7,0.2,0.41,9.1,212978,50,166,0.9954,3.14,0.58,9.8,Spain,6
7.7,0.26,0.4,1.1,76980,9,60,0.9915,2.89,0.5,10.6,Africa,5
6.8,0.32,0.34,1.2,85961,14,67,0.9919,3.05,0.47,10.6,india,4
7,0.3,0.49,4.7,134715,17,105,0.9916,3.26,0.68,12.4,india,7
7,0.24,0.36,2.8,143696,22,112,0.99,3.19,0.38,12.6,india,8
6.1,0.31,0.58,5,146262,36,114,0.9909,3.3,0.6,12.3,Spain,8
6.8,0.44,0.37,5.1,257883,46,201,0.9938,3.08,0.65,10.5,Africa,4
6.7,0.34,0.3,15.6,251468,51,196,0.9982,3.19,0.49,9.3,india,5
7.1,0.35,0.24,15.4,254034,46,198,0.9988,3.12,0.49,8.8,Spain,5
7.3,0.32,0.25,7.2,230940,47,180,0.9961,3.08,0.47,8.8,Africa,5
6.5,0.28,0.33,15.7,243770,51,190,0.9978,3.22,0.51,9.7,india,6
7.2,0.23,0.39,14.2,246336,49,192,0.9979,2.98,0.48,9,Spain,7
7.2,0.23,0.39,14.2,246336,49,192,0.9979,2.98,0.48,9,Africa,7
7.2,0.23,0.39,14.2,246336,49,192,0.9979,2.98,0.48,9,india,7
7.2,0.23,0.39,14.2,246336,49,192,0.9979,2.98,0.48,9,india,7
5.9,0.15,0.31,5.8,198865,53,155,0.9945,3.52,0.46,10.5,india,6
7.4,0.28,0.42,19.8,250185,53,195,1,2.96,0.44,9.1,Spain,5
6.2,0.28,0.22,7.3,201431,26,157,0.9957,3.44,0.64,9.8,Africa,7
9.1,0.59,0.38,1.6,233506,34,182,0.9968,3.23,0.38,8.5,india,2
6.3,0.33,0.27,1.2,224525,34,175,0.9934,3.37,0.54,9.4,Spain,6
8.3,0.39,0.7,10.6,216827,33,169,0.9976,3.09,0.57,9.4,Africa,5
7.2,0.19,0.46,3.8,239921,82,187,0.9932,3.19,0.6,11.2,india,7
7.5,0.17,0.44,11.3,187318,65,146,0.997,3.17,0.45,10,Spain,6
6.7,0.17,0.5,2.1,156526,27,122,0.9923,3.15,0.45,10.3,Africa,6
6.1,0.41,0,1.6,111621,36,87,0.9914,3.27,0.67,10.8,india,6
8.3,0.2,0.35,0.9,94942,12,74,0.992,3.13,0.38,10.5,india,6
6.1,0.41,0,1.6,111621,36,87,0.9914,3.27,0.67,10.8,india,6
6,0.29,0.21,1.3,215544,42,168,0.9914,3.32,0.43,11.1,Spain,6
7.3,0.41,0.24,6.8,209129,41,163,0.9949,3.2,0.41,9.9,Africa,6
7.3,0.41,0.24,6.8,209129,41,163,0.9949,3.2,0.41,9.9,india,6
7.2,0.43,0.24,6.7,209129,40,163,0.995,3.2,0.41,9.9,Spain,5
7.3,0.4,0.24,6.7,212978,41,166,0.995,3.2,0.41,9.9,Africa,6
6.2,0.33,0.27,4.9,171922,30,134,0.9927,3.2,0.42,10.4,india,7
6.2,0.31,0.26,4.8,189884,36,148,0.9928,3.21,0.41,10.4,Spain,6
6.1,0.36,0.27,2.1,128300,16,100,0.9917,3.4,0.71,11.5,Africa,7
5,0.55,0.14,8.3,210412,35,164,0.9918,3.53,0.51,12.5,india,8
7.8,0.25,0.41,3.7,191167,37,149,0.9954,3.36,0.45,10,india,6
5.7,0.36,0.21,6.7,212978,51,166,0.9941,3.29,0.63,10,india,6
5.8,0.34,0.21,6.6,214261,50,167,0.9941,3.29,0.62,10,Spain,5
6.8,0.28,0.6,1.1,162941,42,127,0.9934,3.09,0.44,9.1,Africa,6
6.8,0.25,0.34,4.7,171922,34,134,0.9927,3.21,0.38,10.6,india,6
6.6,0.24,0.35,7.7,173205,36,135,0.9938,3.19,0.37,10.5,Spain,5
5.9,0.3,0.47,7.85,170639,19,133,0.9933,3.52,0.43,11.5,Africa,7
6.1,0.125,0.25,3.3,88527,10,69,0.9934,3.54,0.59,10.1,india,6
6,0.1,0.24,1.1,83395,15,65,0.9927,3.61,0.61,10.3,Spain,7
6.6,0.24,0.35,7.7,173205,36,135,0.9938,3.19,0.37,10.5,Africa,5
6.8,0.25,0.34,4.7,171922,34,134,0.9927,3.21,0.38,10.6,india,6
6.8,0.28,0.44,9.3,175771,35,137,0.9946,3.16,0.36,10.4,india,6
8.3,0.41,0.51,2,265581,11,207,0.993,3.02,0.55,11.4,india,5
7.5,0.27,0.31,5.8,401579,131,313,0.9946,3.18,0.59,10.5,Spain,5
7.9,0.26,0.41,15.15,277128,38,216,0.9976,2.96,0.6,10,Africa,6
6.4,0.34,0.23,6.3,183469,37,143,0.9944,3.19,0.65,10,india,6
6.5,0.28,0.35,15.4,250185,55,195,0.9978,3.23,0.5,9.6,Spain,6
7.2,0.21,0.41,1.3,109055,33,85,0.992,3.17,0.51,10.4,Africa,5
6.4,0.32,0.35,4.8,129583,34,101,0.9912,3.36,0.6,12.5,india,8
6.8,0.24,0.34,4.6,173205,37,135,0.9927,3.2,0.39,10.6,Spain,5
6.3,0.23,0.3,1.8,116753,16,91,0.9906,3.28,0.4,11.8,Africa,6
6.5,0.28,0.34,9.9,170639,30,133,0.9954,3.11,0.44,9.8,india,5
5.6,0.26,0.26,5.7,102640,12,80,0.9923,3.25,0.38,10.8,india,5
6.3,0.23,0.3,1.8,116753,16,91,0.9906,3.28,0.4,11.8,india,6
6.3,0.23,0.33,1.5,134715,15,105,0.991,3.32,0.42,11.2,Spain,6
5.8,0.27,0.27,12.3,218110,55,170,0.9972,3.28,0.42,9.3,Africa,6
5.9,0.26,0.4,1.3,178337,12,139,0.9945,3.45,0.53,10.4,india,5
6.6,0.18,0.35,1.5,180903,49,141,0.9934,3.43,0.85,10.2,Spain,7
7.4,0.2,0.43,7.8,196299,27,153,0.9964,3.19,0.55,9,Africa,7
8,0.24,0.36,1.5,165507,17,129,0.9948,3.2,0.54,10,india,6
6.4,0.26,0.42,9.7,179620,30,140,0.9962,3.18,0.47,9.1,Spain,6
5.4,0.31,0.47,3,184752,46,144,0.9931,3.29,0.76,10,Africa,5
5.4,0.29,0.47,3,186035,47,145,0.993,3.29,0.75,10,india,6
7.1,0.145,0.33,4.6,168073,33,131,0.9942,3.28,0.4,9.6,india,6
5.6,0.34,0.1,1.3,87244,20,68,0.9906,3.36,0.51,11.2,india,7
6.7,0.19,0.41,15.6,198865,75,155,0.9995,3.2,0.44,8.8,Spain,6
7.8,0.18,0.46,13.6,151394,38,118,0.998,3.15,0.5,10,Africa,6
7.6,0.17,0.45,11.2,175771,56,137,0.997,3.15,0.47,10,india,5
6.3,0.12,0.36,2.1,187318,47,146,0.9914,3.27,0.74,11.4,Spain,7
7.3,0.33,0.4,6.85,177054,32,138,0.992,3.03,0.3,11.9,Africa,7
5.5,0.335,0.3,2.5,164224,27,128,0.9924,3.14,0.51,9.6,india,6
7.3,0.33,0.4,6.85,177054,32,138,0.992,3.03,0.3,11.9,Spain,7
5.8,0.4,0.42,4.4,314335,38.5,245,0.9937,3.25,0.57,9.6,Africa,6
7.3,0.22,0.37,14.3,245053,48,191,0.9978,2.89,0.38,9,india,6
7.3,0.22,0.37,14.3,245053,48,191,0.9978,2.89,0.38,9,india,6
6.1,0.36,0.33,1.1,216827,24,169,0.9927,3.15,0.78,9.5,india,6
10,0.2,0.39,1.4,195016,19,152,0.994,3,0.42,10.4,Spain,6
6.9,0.24,0.34,4.7,206563,43,161,0.9935,3.2,0.59,10.6,Africa,6
6.4,0.24,0.32,14.9,207846,54,162,0.9968,3.28,0.5,10.2,india,6
7.1,0.365,0.14,1.2,107772,24,84,0.9941,3.15,0.43,8.9,Spain,5
6.8,0.15,0.3,5.3,162941,40,127,0.9942,3.4,0.39,9.7,Africa,6
7.3,0.22,0.37,14.3,245053,48,191,0.9978,2.89,0.38,9,india,6
6.8,0.16,0.4,2.3,130866,18,102,0.9923,3.49,0.42,11.4,Spain,7
6,0.26,0.32,3.5,144979,29,113,0.9912,3.4,0.71,12.3,Africa,7
6,0.18,0.27,1.5,183469,40,143,0.9923,3.49,0.62,10.8,india,6
6.9,0.33,0.21,1,189884,39,148,0.9927,3.12,0.45,9.4,india,6
7.7,0.29,0.48,2.3,228374,36,178,0.9931,3.17,0.64,10.6,india,6
7.1,0.39,0.35,12.5,92376,26,72,0.9941,3.17,0.29,11.6,Spain,5
6.9,0.33,0.21,1,189884,39,148,0.9927,3.12,0.45,9.4,Africa,6
7.7,0.29,0.48,2.3,228374,36,178,0.9931,3.17,0.64,10.6,india,6
6.6,0.905,0.19,0.8,261732,17,204,0.9934,3.34,0.56,10,Spain,5
7.2,0.27,0.27,2.4,191167,30,149,0.9936,3.1,0.51,9.2,Africa,6
5.1,0.33,0.22,1.6,114187,18,89,0.9893,3.51,0.38,12.5,india,7
5.1,0.33,0.22,1.6,114187,18,89,0.9893,3.51,0.38,12.5,Spain,7
6.4,0.31,0.28,1.5,152677,12,119,0.9919,3.32,0.51,10.4,Africa,7
7.3,0.2,0.44,1.4,125734,21,98,0.9924,3.15,0.46,10,india,7
5.7,0.32,0.5,2.6,198865,17,155,0.9927,3.22,0.64,10,india,6
6.4,0.31,0.28,1.5,152677,12,119,0.9919,3.32,0.51,10.4,india,7
7.3,0.2,0.44,1.4,125734,21,98,0.9924,3.15,0.46,10,Spain,7
7.2,0.28,0.26,12.5,229657,48,179,0.9975,3.1,0.52,9,Africa,6
7.5,0.35,0.28,9.6,201431,26,157,0.9969,3.12,0.53,9.2,india,6
7.2,0.27,0.27,2.4,191167,30,149,0.9936,3.1,0.51,9.2,Spain,6
6,0.36,0.39,3.2,160375,20,125,0.991,3.38,0.39,11.3,Africa,7
5.1,0.33,0.22,1.6,114187,18,89,0.9893,3.51,0.38,12.5,india,7
5,0.17,0.56,1.5,147545,24,115,0.9906,3.48,0.39,10.8,Spain,7
6.3,0.39,0.35,5.9,333580,82.5,260,0.9941,3.12,0.66,10.1,Africa,5
6.7,0.21,0.32,5.4,179620,29,140,0.995,3.39,0.46,9.7,india,6
7,0.3,0.38,14.9,232223,60,181,0.9983,3.18,0.61,9.3,india,7
7,0.3,0.38,14.9,232223,60,181,0.9983,3.18,0.61,9.3,india,7
6.5,0.36,0.32,1.1,84678,13,66,0.9916,3.1,0.46,10.6,Spain,5
6.1,0.55,0.15,9.8,160375,19,125,0.9957,3.36,0.47,10.2,Africa,6
7.3,0.24,0.43,2,88527,20,69,0.99,3.08,0.56,12.2,india,6
6.8,0.37,0.51,11.8,209129,62,163,0.9976,3.19,0.44,8.8,Spain,5
6.8,0.27,0.12,1.3,215544,87,168,0.992,3.18,0.41,10,Africa,5
8.2,0.28,0.42,1.8,119319,30,93,0.9917,3.09,0.39,11.4,india,5
6.3,0.2,0.4,1.5,137281,35,107,0.9917,3.46,0.5,11.4,Spain,6
5.9,0.26,0.27,18.2,215544,52,168,0.9993,3.35,0.44,9.4,Africa,5
6.4,0.19,0.42,2.9,106489,32,83,0.9908,3.3,0.41,11.7,india,6
6.3,0.2,0.4,1.5,137281,35,107,0.9917,3.46,0.5,11.4,india,6
6.8,0.37,0.51,11.8,209129,62,163,0.9976,3.19,0.44,8.8,india,5
6.1,0.35,0.07,1.4,138564,22,108,0.9934,3.23,0.52,9.2,Spain,5
7.1,0.27,0.31,18.2,323316,55,252,1,3.07,0.56,8.7,Africa,5
6.8,0.22,0.31,6.3,218110,33,170,0.9918,3.24,0.66,12.6,india,6
6.8,0.27,0.12,1.3,215544,87,168,0.992,3.18,0.41,10,Spain,5
5.8,0.28,0.34,4,127017,40,99,0.9896,3.39,0.39,12.8,Africa,7
6.9,0.49,0.24,1.2,160375,13,125,0.9932,3.17,0.51,9.4,india,5
6.3,0.14,0.39,1.2,148828,26,116,0.992,3.26,0.53,10.3,Spain,6
8.2,0.28,0.42,1.8,119319,30,93,0.9917,3.09,0.39,11.4,Africa,5
7.2,0.25,0.39,18.95,198865,42,155,0.9999,2.97,0.47,9,india,6
7.3,0.28,0.36,12.7,179620,38,140,0.998,3.3,0.79,9.6,india,6
7.2,0.19,0.39,1.2,109055,32,85,0.9918,3.16,0.5,10.5,india,5
7.2,0.19,0.39,1.2,109055,32,85,0.9918,3.16,0.5,10.5,Spain,5
7.2,0.25,0.39,18.95,198865,42,155,0.9999,2.97,0.47,9,Africa,6
7.3,0.28,0.36,12.7,179620,38,140,0.998,3.3,0.79,9.6,india,6
7.4,0.21,0.27,1.2,127017,27,99,0.9927,3.19,0.33,9.8,Spain,6
6.8,0.26,0.22,7.7,269430,57,210,0.9959,3.1,0.47,9,Africa,5
7.4,0.21,0.27,1.2,127017,27,99,0.9927,3.19,0.33,9.8,india,6
7.4,0.31,0.28,1.6,175771,33,137,0.9929,3.31,0.56,10.5,Spain,6
7,0.22,0.31,2.7,174488,41,136,0.9898,3.16,0.37,12.7,Africa,7
7,0.21,0.28,8.7,284826,37,222,0.9954,3.25,0.54,10.4,india,6
7,0.21,0.28,8.6,283543,37,221,0.9954,3.25,0.54,10.4,india,6
7,0.21,0.28,8.6,283543,37,221,0.9954,3.25,0.54,10.4,india,6
6.9,0.23,0.38,8.3,207846,47,162,0.9954,3.34,0.52,10.5,Spain,7
7,0.21,0.28,8.7,284826,37,222,0.9954,3.25,0.54,10.4,Africa,6
7,0.21,0.28,8.6,283543,37,221,0.9954,3.25,0.54,10.4,india,6
6.8,0.29,0.5,13.3,248902,48,194,0.9974,3.09,0.45,9.4,Spain,5
7.8,0.21,0.27,1.2,114187,20,89,0.9936,3.06,0.46,9.1,Africa,5
7.1,0.31,0.47,13.6,252751,54,197,0.9978,3.1,0.49,9.3,india,5
6.8,0.29,0.5,13.3,248902,48,194,0.9974,3.09,0.45,9.4,Spain,5
6.4,0.34,0.1,1.1,107772,19,84,0.9927,3.21,0.38,9.8,Africa,5
7.4,0.155,0.34,2.3,274562,73.5,214,0.9934,3.18,0.61,9.9,india,7
7.2,0.55,0.09,1.5,193733,16,151,0.9938,3.07,0.57,9.2,india,4
7,0.23,0.36,7.1,133432,31,104,0.9922,3.35,0.47,12.1,india,8
6.9,0.2,0.37,6.2,124451,24,97,0.992,3.38,0.49,12.2,Spain,7
6.1,0.28,0.32,2.5,280335.5,23,218.5,0.9935,3.27,0.6,9.8,Africa,5
6.6,0.16,0.32,1.4,238638,49,186,0.9906,3.35,0.64,12.4,india,8
7.4,0.155,0.34,2.3,274562,73.5,214,0.9934,3.18,0.61,9.9,Spain,7
6.2,0.35,0.04,1.2,138564,23,108,0.9934,3.26,0.54,9.2,Africa,5
6.7,0.22,0.37,1.6,130866,24,102,0.9913,3.29,0.59,11.6,india,7
6.1,0.38,0.2,6.6,175771,25,137,0.9938,3.3,0.69,10.4,Spain,6
6,0.25,0.28,2.2,161658,54,126,0.9898,3.43,0.65,12.9,Africa,8
6.6,0.52,0.44,12.2,314335,54,245,0.9975,3.26,0.54,9.3,india,6
6.9,0.24,0.36,20.8,178337,40,139,0.9975,3.2,0.33,11,india,6
7.1,0.32,0.32,11,84678,16,66,0.9937,3.24,0.4,11.5,india,3
5.8,0.28,0.27,2.6,200148,30,156,0.9914,3.53,0.42,12.4,Spain,5
6.5,0.41,0.24,14,144979,24,113,0.9982,3.44,0.53,9.8,Africa,6
6.5,0.41,0.24,14,144979,24,113,0.9982,3.44,0.53,9.8,india,6
6.4,0.28,0.29,1.6,162941,34,127,0.9929,3.48,0.56,10.5,Spain,7
7.2,0.6,0.2,9.9,223242,21,174,0.9971,3.03,0.54,9.1,Africa,5
6.1,0.2,0.25,1.2,164224,34,128,0.9921,3.24,0.44,10.1,india,5
5.9,0.46,0.14,2.7,205280,27,160,0.9931,3.46,0.51,10.6,Spain,7
6,0.27,0.27,1.6,144979,32,113,0.9924,3.41,0.51,10.5,Africa,7
6.4,0.28,0.29,1.6,162941,34,127,0.9929,3.48,0.56,10.5,india,7
6.4,0.41,0.24,14,144979,24,113,0.9982,3.44,0.53,9.8,india,6
6.3,0.23,0.31,1.5,105206,11,82,0.9892,3.3,0.4,12.9,india,7
7.1,0.21,0.27,8.6,142413,26,111,0.9956,2.95,0.52,9.5,Spain,5
6,0.37,0.32,1,280335.5,31,218.5,0.9924,3.29,0.72,9.8,Africa,6
6.1,0.43,0.35,9.1,319467,83,249,0.9971,3.37,0.5,8.5,india,5
7.1,0.21,0.27,8.6,142413,26,111,0.9956,2.95,0.52,9.5,Spain,5
7,0.25,0.29,15.2,219393,40,171,0.9982,3.22,0.45,9.3,Africa,5
5.9,0.25,0.19,12.4,207846,50,162,0.9973,3.35,0.38,9.5,india,5
6.8,0.32,0.21,2.2,87244,15,68,0.9932,3.17,0.39,9.4,Spain,6
7.2,0.39,0.62,11,228374,66,178,0.9976,3.16,0.5,8.7,Africa,5
6.3,0.21,0.58,10,161658,34,126,0.9962,2.95,0.46,8.9,india,5
7,0.14,0.32,9,180903,54,141,0.9956,3.22,0.43,9.4,india,6
6.8,0.32,0.21,2.2,87244,15,68,0.9932,3.17,0.39,9.4,india,6
7.2,0.39,0.62,11,228374,66,178,0.9976,3.16,0.5,8.7,Spain,5
7.2,0.29,0.53,18.15,233506,59,182,0.9992,3.09,0.52,9.6,Africa,5
8.6,0.37,0.7,12.15,202714,21,158,0.9983,3,0.73,9.3,india,6
6.5,0.38,0.34,3.4,256600,34,200,0.9937,3.14,0.76,10,Spain,5
6.6,0.24,0.29,2,110338,19,86,0.99,3.25,0.45,12.5,Africa,6
7,0.17,0.31,4.8,169356,34,132,0.9944,3.36,0.48,9.6,india,7
5.5,0.16,0.22,4.5,130866,30,102,0.9938,3.24,0.36,9.4,Spain,6
7,0.24,0.51,11,291241,55,227,0.9965,3.03,0.61,9.5,Africa,5
7.4,0.28,0.36,1.1,134715,42,105,0.9893,2.99,0.39,12.4,india,7
7,0.22,0.28,1.5,147545,29,115,0.9927,3.11,0.55,10.5,india,6
7.1,0.55,0.13,1.7,211695,21,165,0.994,2.97,0.58,9.2,india,6
6.3,0.22,0.33,1.7,210412,67,164,0.9928,3.32,0.56,10.4,Spain,6
6.7,0.47,0.34,8.9,220676,31,172,0.9964,3.22,0.6,9.2,Africa,5
5.9,0.36,0.41,1.3,133432,45,104,0.9917,3.33,0.51,10.6,india,6
5.8,0.25,0.24,13.3,175771,41,137,0.9972,3.34,0.42,9.5,Spain,5
6.7,0.47,0.34,8.9,220676,31,172,0.9964,3.22,0.6,9.2,Africa,5
6.2,0.37,0.3,6.6,256600,79,200,0.9954,3.29,0.58,9.6,india,5
6.2,0.18,0.38,1.5,150111,36,117,0.993,3.47,0.54,9.7,Spain,6
6,0.16,0.37,1.5,150111,43,117,0.9928,3.46,0.51,9.7,Africa,6
6.6,0.34,0.28,1.3,115470,32,90,0.9916,3.1,0.42,10.7,india,6
7.4,0.29,0.29,1.6,230940,53,180,0.9936,3.34,0.68,10.5,india,6
7.4,0.26,0.31,7.6,227091,52,177,0.9962,3.13,0.45,8.9,india,6
7,0.28,0.36,1,89810,8,70,0.9899,3.09,0.46,12.1,Spain,6
7.1,0.23,0.39,1.6,83395,12,65,0.9898,3.25,0.4,12.7,Africa,7
7.8,0.19,0.26,8.9,233506,42,182,0.996,3.18,0.46,9.9,india,6
6.3,0.19,0.28,1.8,202714,28,158,0.9907,3.2,0.64,11.4,Spain,6
6.8,0.2,0.38,4.7,132149,27,103,0.994,3.37,0.58,10.7,Africa,6
5.7,0.44,0.13,7,221959,28,173,0.9913,3.33,0.48,12.5,india,6
7.2,0.4,0.62,10.8,242487,70,189,0.9976,3.08,0.49,8.6,Spain,4
6.8,0.23,0.32,1.6,188601,43,147,0.9904,3.29,0.54,12.5,Africa,6
5.7,0.335,0.34,1,223242,13,174,0.992,3.27,0.66,10,india,5
7.2,0.4,0.62,10.8,242487,70,189,0.9976,3.08,0.49,8.6,india,4
7.2,0.28,0.54,16.7,256600,54,200,0.999,3.08,0.49,9.5,india,6
6.8,0.19,0.58,14.2,210412,51,164,0.9975,3.12,0.48,9.6,Spain,6
6.4,0.3,0.3,2.25,269430,8,210,0.9937,3.2,0.62,9.9,Africa,6
6.5,0.3,0.29,2.25,269430,8,210,0.9937,3.19,0.62,9.9,india,5
7.8,0.18,0.31,12.2,179620,46,140,0.998,3.06,0.53,8.9,Spain,6
7.8,0.18,0.31,12.2,179620,46,140,0.998,3.06,0.53,8.9,Africa,6
7.3,0.51,0.26,3.3,173205,7,135,0.9944,3.01,0.52,8.8,india,5
6,0.24,0.27,1.9,218110,40,170,0.9938,3.64,0.54,10,Spain,7
5.9,0.62,0.28,3.5,195016,55,152,0.9907,3.44,0.44,12,Africa,6
6,0.24,0.27,1.9,218110,40,170,0.9938,3.64,0.54,10,india,7
6.7,0.27,0.12,1.3,177054,62,138,0.9921,3.21,0.42,10,india,6
7.8,0.34,0.35,1.8,214261,8,167,0.9908,3.11,0.41,12.1,india,6
7.3,0.26,0.36,5.2,180903,31,141,0.9931,3.16,0.59,11,Spain,6
7.4,0.36,0.33,1.4,70565,27,55,0.9915,3.21,0.33,11.2,Africa,6
7.8,0.28,0.32,9,147545,34,115,0.9952,3.17,0.39,10.3,india,7
6.1,0.31,0.26,2.2,214261,28,167,0.9926,3.37,0.47,10.4,Spain,6
6.8,0.18,0.37,1.6,197582,47,154,0.9934,3.08,0.45,9.1,Africa,5
7.4,0.15,0.42,1.7,197582,49,154,0.992,3,0.6,10.4,india,6
5.9,0.13,0.28,1.9,100074,20,78,0.9918,3.43,0.64,10.8,Spain,6
7.2,0.34,0.34,12.6,52603,7,41,0.9942,3.19,0.4,11.7,Africa,5
7.9,0.19,0.26,2.1,183469,8,143,0.9942,3.05,0.74,9.8,india,5
7.9,0.19,0.26,2.1,183469,8,143,0.9942,3.05,0.74,9.8,india,5
6.9,0.25,0.4,1.3,129583,22,101,0.9901,3.03,0.39,11.4,india,6
5.8,0.36,0.32,1.7,123168,22,96,0.9898,3.03,0.38,11.2,Spain,6
5.6,0.35,0.37,1,92376,6,72,0.9902,3.37,0.34,11.4,Africa,5
5.9,0.32,0.39,3.3,179620,24,140,0.9934,3.09,0.45,9.2,india,6
7.2,0.31,0.46,5,37207,3,29,0.9906,3.04,0.53,12.5,Spain,4
6.1,0.28,0.22,1.8,148828,32,116,0.9898,3.36,0.44,12.6,Africa,6
5.2,0.36,0.02,1.6,133432,24,104,0.9896,3.44,0.35,12.2,india,6
5.6,0.19,0.47,4.5,143696,19,112,0.9922,3.56,0.45,11.2,Spain,6
6.4,0.1,0.35,4.9,132149,31,103,0.9947,3.43,0.79,9.7,Africa,6
6.4,0.18,0.48,4,192450,64,150,0.9945,3.06,0.4,9.3,india,5
7.4,0.25,0.36,13.2,228374,53,178,0.9976,3.01,0.48,9,india,6
7.4,0.25,0.36,13.2,228374,53,178,0.9976,3.01,0.48,9,india,6
7.4,0.25,0.36,13.2,228374,53,178,0.9976,3.01,0.48,9,Spain,6
7.9,0.345,0.51,15.3,219393,54,171,0.9987,3.09,0.51,9.1,Africa,5
7.9,0.345,0.51,15.3,219393,54,171,0.9987,3.09,0.51,9.1,india,5
7.4,0.25,0.36,13.2,228374,53,178,0.9976,3.01,0.48,9,Spain,6
6.1,0.24,0.3,1.5,78263,22,61,0.992,3.31,0.54,10.4,Africa,5
6.8,0.25,0.24,4.55,270713,41,211,0.9955,3.37,0.67,9.5,india,6
6.7,0.31,0.31,9.9,224525,10,175,0.9953,3.46,0.55,11.4,Spain,4
7.2,0.46,0.65,10.4,246336,76,192,0.9976,3.16,0.42,8.7,Africa,5
5.5,0.35,0.35,1.1,214261,14,167,0.992,3.34,0.68,9.9,india,6
6.7,0.24,0.41,8.7,189884,29,148,0.9952,3.22,0.62,9.9,india,6
6.8,0.28,0.17,13.9,207846,49,162,0.9983,3.21,0.51,9,india,6
6.4,0.16,0.22,1.4,191167,41,149,0.9933,3.49,0.58,10,Spain,6
6.3,0.26,0.24,7.2,220676,38,172,0.9958,3.49,0.64,9.7,Africa,6
7.7,0.22,0.42,1.9,111621,10,87,0.9922,3.3,0.49,11.8,india,6
6.5,0.18,0.31,1.7,162941,30,127,0.9928,3.49,0.5,10.2,Spain,7
7.2,0.46,0.65,10.4,246336,76,192,0.9976,3.16,0.42,8.7,Africa,5
7,0.3,0.51,13.6,215544,40,168,0.9976,3.07,0.52,9.6,india,7
9.2,0.25,0.34,1.2,119319,31,93,0.9916,2.93,0.37,11.3,Spain,7
7.8,0.28,0.34,1.6,151394,32,118,0.9901,3,0.38,12.1,Africa,7
7,0.3,0.51,13.6,215544,40,168,0.9976,3.07,0.52,9.6,india,7
7.8,0.28,0.34,1.6,151394,32,118,0.9901,3,0.38,12.1,india,7
9.2,0.25,0.34,1.2,119319,31,93,0.9916,2.93,0.37,11.3,india,7
8.4,0.35,0.71,12.2,205280,22,160,0.9982,2.98,0.65,9.4,Spain,5
6.1,0.41,0.24,1.6,175771,16,137,0.993,3.32,0.5,10.4,Africa,6
5.9,0.21,0.24,12.1,211695,53,165,0.9969,3.25,0.39,9.5,india,5
7.2,0.34,0.44,4.2,184752,51,144,0.991,3.01,0.76,12.3,Spain,6
6.7,0.21,0.42,9.1,192450,31,150,0.9953,3.12,0.74,9.9,Africa,7
5.9,0.37,0.1,1.6,164224,39,128,0.9924,3.24,0.48,10.1,india,5
7.7,0.34,0.27,8.8,236072,39,184,0.9969,3.09,0.63,9.2,Spain,6
7.4,0.3,0.22,1.4,173205,16,135,0.9928,3.08,0.77,10.4,Africa,7
6.8,0.51,0.3,4.2,211695,38,165,0.9945,3.2,0.42,9.1,india,5
7.8,0.22,0.38,10.3,127017,28,99,0.9967,3.12,0.47,10,india,6
7.2,0.35,0.34,12.4,47471,6,37,0.9944,3.13,0.39,11.5,india,6
6,0.26,0.5,2.2,196299,59,153,0.9928,3.08,0.61,9.8,Spain,5
6.1,0.26,0.51,2.2,197582,61,154,0.9929,3.08,0.6,9.8,Africa,6
6.5,0.28,0.27,5.2,229657,44,179,0.9948,3.19,0.69,9.4,india,6
7.4,0.41,0.66,10.8,248902,77,194,0.9976,3.05,0.46,8.7,Spain,5
6.5,0.28,0.29,2.7,137281,26,107,0.9912,3.32,0.41,11.6,Africa,7
6.7,0.34,0.54,16.3,232223,44,181,0.9987,3.04,0.56,8.8,india,5
7.2,0.2,0.34,2.7,193733,49,151,0.99,3.16,0.39,12.7,Spain,7
7.4,0.2,0.33,1.9,177054,39,138,0.991,3.17,0.44,11.7,Africa,7
8.2,0.22,0.3,1.8,237355,47,185,0.9933,3.13,0.5,10.2,india,6
8.2,0.23,0.29,1.8,239921,47,187,0.9933,3.13,0.5,10.2,india,6
7.1,0.22,0.33,2.8,196299,48,153,0.9899,3.15,0.38,12.7,india,7
6.5,0.28,0.29,2.7,137281,26,107,0.9912,3.32,0.41,11.6,Spain,7
6,0.38,0.26,6,171922,42,134,0.9912,3.38,0.38,12.3,Africa,7
7.4,0.41,0.66,10.8,248902,77,194,0.9976,3.05,0.46,8.7,india,5
5.7,0.18,0.22,4.2,142413,25,111,0.994,3.35,0.39,9.4,Spain,5
7.3,0.3,0.22,6.4,215544,44,168,0.9947,3.13,0.35,10.1,Africa,6
7.4,0.24,0.22,10.7,103923,26,81,0.9954,2.86,0.36,9.7,india,6
6.6,0.25,0.3,1.6,171922,32,134,0.993,3.42,0.51,10.1,Spain,7
7.4,0.24,0.22,10.7,103923,26,81,0.9954,2.86,0.36,9.7,Africa,6
7.4,0.26,0.3,7.9,201431,38,157,0.9963,3.13,0.48,8.9,india,6
6.1,0.32,0.25,1.7,174488,37,136,0.992,3.47,0.5,10.8,india,7
6.9,0.28,0.27,2.1,155243,42,121,0.9926,3.42,0.49,10.8,india,7
7,0.23,0.33,5.8,174488,25,136,0.995,3.19,0.58,9.5,Spain,6
7.1,0.31,0.5,14.5,189884,6,148,0.9983,2.94,0.44,9.1,Africa,5
7.3,0.2,0.37,1.2,152677,48,119,0.992,3.32,0.49,10.9,india,6
6.9,0.41,0.33,10.1,195016,28,152,0.9968,3.2,0.52,9.4,Spain,5
6.4,0.45,0.07,1.1,168073,10,131,0.9905,2.97,0.28,10.8,Africa,5
6.4,0.475,0.06,1,168073,9,131,0.9904,2.97,0.29,10.8,india,5
6.3,0.27,0.38,0.9,179620,7,140,0.9926,3.45,0.5,10.5,Spain,7
6.9,0.41,0.33,10.1,195016,28,152,0.9968,3.2,0.52,9.4,Africa,5
7,0.29,0.37,4.9,162941,26,127,0.9928,3.17,0.44,10.8,india,6
5.9,0.27,0.29,11.4,147545,31,115,0.9949,3.35,0.48,10.5,india,8
6.9,0.19,0.4,1.4,70565,14,55,0.9909,3.08,0.68,11.5,india,7
6.7,0.3,0.35,1.4,205280,36,160,0.9937,3.11,0.54,9.4,Spain,6
7.2,0.24,0.4,1.4,135998,31,106,0.9914,2.88,0.38,10.8,Africa,6
6.4,0.45,0.07,1.1,168073,10,131,0.9905,2.97,0.28,10.8,india,5
6.4,0.475,0.06,1,168073,9,131,0.9904,2.97,0.29,10.8,Spain,5
6.3,0.26,0.49,1.5,171922,34,134,0.9924,2.99,0.61,9.8,Africa,6
6.3,0.26,0.49,1.5,171922,34,134,0.9924,2.99,0.61,9.8,india,6
7.3,0.25,0.29,7.5,202714,38,158,0.9965,3.43,0.38,9.6,Spain,5
7.3,0.25,0.29,7.5,202714,38,158,0.9965,3.43,0.38,9.6,Africa,5
6.1,0.28,0.25,17.75,206563,48,161,0.9993,3.34,0.48,9.5,india,5
7.4,0.37,0.35,5.7,120602,12,94,0.9965,3.48,0.69,10.7,india,6
6.5,0.36,0.28,3.2,152677,29,119,0.9908,3.25,0.65,12.4,india,8
7.4,0.24,0.4,4.3,121885,9,95,0.992,3.09,0.39,11.1,Spain,6
7.5,0.23,0.68,11,170639,37,133,0.9978,2.99,0.38,8.8,Africa,5
7.5,0.21,0.68,10.9,170639,38,133,0.9978,3,0.36,8.7,india,5
7.5,0.21,0.68,10.9,170639,38,133,0.9978,3,0.36,8.7,Spain,5
7.5,0.23,0.68,11,170639,37,133,0.9978,2.99,0.38,8.8,Africa,5
7.8,0.32,0.33,2.4,129583,18,101,0.9912,3.21,0.65,11.7,india,7
7.8,0.26,0.27,1.9,250185,52,195,0.9928,3.23,0.5,10.9,Spain,6
7.7,0.24,0.27,1.8,243770,52,190,0.9928,3.23,0.5,10.8,Africa,6
7.4,0.19,0.3,1.4,173205,33,135,0.993,3.12,0.5,9.6,india,6
6.5,0.46,0.41,16.8,284826,59,222,0.9993,3.18,0.58,9,india,5
6.5,0.26,0.43,8.9,219393,50,171,0.9965,2.85,0.5,9,india,5
5.3,0.32,0.12,6.6,180903,22,141,0.9937,3.36,0.6,10.4,Spain,6
7.2,0.24,0.34,1.1,82112,3,64,0.9913,3.23,0.51,11.4,Africa,5
6,0.36,0.06,1.4,164224,27,128,0.9934,3.26,0.55,9.3,india,5
6.2,0.24,0.29,13.3,166790,49,130,0.9952,3.33,0.46,11,Spain,8
7.6,0.56,0.12,10.4,227091,22,177,0.9983,3.32,0.45,9.1,Africa,4
7,0.32,0.24,6.2,292524,31,228,0.9957,3.23,0.62,9.4,india,6
7,0.32,0.24,6.2,292524,31,228,0.9957,3.23,0.62,9.4,Spain,6
5.8,0.31,0.33,1.2,127017,23,99,0.9916,3.18,0.6,10.5,Africa,6
7,0.23,0.42,18.05,184752,35,144,0.9999,3.22,0.42,8.8,india,5
7,0.23,0.42,18.05,184752,35,144,0.9999,3.22,0.42,8.8,india,5
6.9,0.24,0.33,4.8,168073,16,131,0.9936,3.26,0.64,10.7,india,6
6,0.29,0.2,12.6,239921,45,187,0.9972,3.33,0.42,9.5,Spain,5
6.1,0.17,0.28,4.5,192450,46,150,0.9933,3.43,0.49,10.9,Africa,6
5.9,0.14,0.25,4.5,179620,34,140,0.9934,3.49,0.51,10.8,india,6
6.2,0.17,0.28,4.7,170639,39,133,0.9931,3.41,0.46,10.8,Spain,7
7.4,0.28,0.25,11.9,189884,25,148,0.9976,3.1,0.62,9.2,Africa,5
5.6,0.35,0.14,5,254034,48,198,0.9937,3.3,0.71,10.3,india,5
5.8,0.335,0.14,5.8,252751,49,197,0.9937,3.3,0.71,10.3,Spain,5
5.6,0.235,0.29,1.2,162941,33,127,0.991,3.34,0.5,11,Africa,7
6.1,0.28,0.25,12.9,242487,34,189,0.9979,3.25,0.43,9,india,4
6.3,0.21,0.33,13.9,229657,68,179,0.9971,3.36,0.5,10.4,india,6
6.4,0.24,0.28,11.5,209129,34,163,0.9969,3.31,0.45,9.5,india,5
6.4,0.24,0.29,11.4,212978,32,166,0.9968,3.31,0.45,9.5,Spain,5
6.3,0.26,0.25,7.8,212978,44,166,0.9961,3.24,0.41,9,Africa,5
6.5,0.33,0.72,1.1,193733,7,151,0.993,3.09,0.57,9.5,india,4
7.4,0.105,0.34,12.2,187318,57,146,0.9973,3.16,0.37,9,Spain,6
6,0.32,0.12,5.9,243770,34,190,0.9944,3.16,0.72,10,Africa,5
7.1,0.26,0.34,14.4,242487,35,189,0.9986,3.07,0.53,9.1,india,7
7.1,0.26,0.34,14.4,242487,35,189,0.9986,3.07,0.53,9.1,Spain,7
7.1,0.26,0.34,14.4,242487,35,189,0.9986,3.07,0.53,9.1,Africa,7
7.1,0.26,0.34,14.4,242487,35,189,0.9986,3.07,0.53,9.1,india,7
5.9,0.24,0.26,12.3,171922,34,134,0.9972,3.34,0.45,9.5,india,6
6.5,0.21,0.37,2.5,177054,70,138,0.9917,3.33,0.75,11.4,india,7
7.7,0.27,0.35,5.3,150111,30,117,0.992,3.11,0.42,12.2,Spain,6
9,0.27,0.35,4.9,121885,27,95,0.9932,3.04,0.4,11.3,Africa,6
7.3,0.34,0.21,3.2,174488,14,136,0.9936,3.25,0.44,10.2,india,5
6.6,0.27,0.25,3.1,241204,41,188,0.9915,3.24,0.4,11.3,Spain,5
6.8,0.29,0.16,1.4,300863.5,122.5,234.5,0.9922,3.15,0.47,10,Africa,4
7.1,0.28,0.26,1.9,110338,12,86,0.9934,3.15,0.38,9.4,india,5
6.8,0.25,0.34,14,170639,47,133,0.9952,3.37,0.5,12.2,Spain,7
7,0.57,0.1,8.3,241204,23,188,0.9972,3.4,0.47,9.2,Africa,4
7.1,0.28,0.26,1.9,110338,12,86,0.9934,3.15,0.38,9.4,india,5
7.1,0.17,0.38,7.4,233506,49,182,0.9958,3.35,0.52,9.6,india,6
7.8,0.28,0.22,1.4,166790,24,130,0.9944,3.28,0.48,9.5,india,5
6.8,0.22,0.37,1.7,250185,38,195,0.9908,3.35,0.72,12.5,Spain,6
7.1,0.17,0.38,7.4,233506,49,182,0.9958,3.35,0.52,9.6,Africa,6
6.1,0.14,0.25,1.3,221959,37,173,0.9925,3.35,0.46,10,india,6
6.4,0.24,0.5,11.6,270713,60,211,0.9966,3.18,0.57,9.3,Spain,5
7.8,0.42,0.26,9.2,255317,34,199,0.9972,3.14,0.55,9.3,Africa,6
6.6,0.28,0.36,1.7,129583,22,101,0.9912,3.29,0.57,11.6,india,6
7.1,0.32,0.34,14.5,192450,46,150,0.995,3.38,0.5,12.5,Spain,8
6.7,0.31,0.3,2.1,166790,18,130,0.9928,3.36,0.63,10.6,Africa,6
6.4,0.32,0.5,10.7,264298,57,206,0.9968,3.08,0.6,9.4,india,5
6.1,0.28,0.25,6.9,257883,44,201,0.9955,3.19,0.4,9.1,india,6
5.9,0.29,0.25,12,287392,48,224,0.9981,3.23,0.41,9,india,6
5.8,0.32,0.38,4.75,120602,23,94,0.991,3.42,0.42,11.8,Spain,7
5.8,0.32,0.38,4.75,120602,23,94,0.991,3.42,0.42,11.8,Africa,7
5.7,0.32,0.38,4.75,120602,23,94,0.991,3.42,0.42,11.8,india,7
6.7,0.28,0.14,1.4,203997,64,159,0.992,3.17,0.39,10,Spain,5
6.8,0.34,0.69,1.3,219393,12,171,0.9931,3.06,0.47,9.7,Africa,5
5.9,0.25,0.25,11.3,211695,30,165,0.997,3.24,0.44,9.5,india,6
6.4,0.27,0.32,4.5,223242,61,174,0.9948,3.12,0.48,9.4,Spain,5
8.1,0.46,0.31,1.7,234789,50,183,0.9923,3.03,0.42,11.2,Africa,5
6.2,0.36,0.26,13.2,257883,54,201,0.9976,3.25,0.46,9,india,5
6.8,0.22,0.35,5.5,146262,21,114,0.9938,3.3,0.53,10.7,india,7
6.8,0.67,0.3,13,247619,22,193,0.9984,3.08,0.67,9,india,4
7.2,0.28,0.3,10.7,284826,61,222,0.9972,3.14,0.5,9.1,Spain,6
6.7,0.17,0.37,2,160375,34,125,0.9922,3.26,0.6,10.8,Africa,7
6.9,0.2,0.34,1.9,174488,25,136,0.9935,3.31,0.6,10.1,india,4
6.1,0.36,0.16,6.4,254034,36,198,0.9944,3.17,0.62,9.9,Spain,6
6,0.36,0.16,6.3,245053,36,191,0.9942,3.17,0.62,9.8,Africa,5
5.9,0.37,0.14,6.3,237355,34,185,0.9944,3.17,0.63,9.8,india,5
7.6,0.29,0.58,17.5,288675,51,225,0.9997,3.16,0.66,9.5,Spain,6
6.3,0.34,0.28,14.7,254034,49,198,0.9977,3.23,0.46,9.5,Africa,5
6.7,0.19,0.34,1,120602,22,94,0.9912,3.23,0.57,11.1,india,6
7.5,0.31,0.51,14.8,261732,62,204,0.9982,3.06,0.6,9.5,india,5
7.5,0.31,0.51,14.8,261732,62,204,0.9982,3.06,0.6,9.5,india,5
7.4,0.31,0.48,14.2,261732,62,204,0.9983,3.06,0.59,9.4,Spain,5
8.4,0.4,0.7,13.1,252751,29,197,0.998,3.06,0.64,9.7,Africa,5
5.9,0.34,0.22,2.4,173205,19,135,0.9894,3.41,0.78,13.9,india,7
6.6,0.38,0.18,1.2,107772,20,84,0.9927,3.22,0.45,10.1,Spain,4
6.4,0.33,0.28,1.1,141130,30,110,0.9917,3.12,0.42,10.5,Africa,6
5.6,0.25,0.26,3.6,147545,18,115,0.9904,3.42,0.5,12.6,india,6
8.6,0.27,0.46,6.1,52603,13,41,0.993,2.89,0.34,10.9,Spain,5
6.2,0.31,0.21,6.3,279694,50,218,0.9941,3.15,0.6,10,Africa,5
7.2,0.18,0.45,4.4,212978,57,166,0.9943,3.13,0.62,11.2,india,6
7.7,0.2,0.44,13.9,166790,44,130,0.99855,3.11,0.48,10,india,6
6.2,0.47,0.21,1,125734,13,98,0.99345,3.14,0.46,9.2,india,5
6.1,0.25,0.24,12.1,220676,51,172,0.998,3.35,0.45,9.5,Spain,5
8.2,0.27,0.43,1.6,164224,31,128,0.9916,3.1,0.5,12.3,Africa,6
8.2,0.27,0.43,1.6,164224,31,128,0.9916,3.1,0.5,12.3,india,6
6.4,0.31,0.39,7.5,273279,57,213,0.99475,3.32,0.43,10,Spain,5
6,0.39,0.26,2.7,239921,39,187,0.99325,3.41,0.5,10.8,Africa,6
6.2,0.21,0.27,1.7,192450,41,150,0.9933,3.49,0.71,10.5,india,7
7.7,0.42,0.31,9.2,283543,22,221,0.9969,3.06,0.61,9.2,Spain,6
7,0.27,0.41,18.75,201431,34,157,1.0002,2.96,0.5,9.1,Africa,5
6.2,0.21,0.27,1.7,192450,41,150,0.9933,3.49,0.71,10.5,india,7
7.4,0.29,0.5,1.8,162941,35,127,0.9937,3.45,0.5,10.2,india,7
6.6,0.29,0.44,9,228374,62,178,0.99685,3.02,0.45,8.9,india,5
6,0.3,0.44,1.5,233506,15,182,0.99455,3.5,0.52,10.4,Spain,5
6.9,0.31,0.34,1.6,164224,23,128,0.9917,3.37,0.47,11.7,Africa,6
6.6,0.33,0.31,1.3,114187,29,89,0.99035,3.26,0.44,12.4,india,8
7.8,0.3,0.4,1.8,156526,23,122,0.9914,3.14,0.39,10.9,Spain,7
6.4,0.39,0.21,1.2,174488,35,136,0.99225,3.15,0.46,10.2,Africa,5
6.4,0.24,0.31,2.8,146262,41,114,0.99155,3.37,0.66,11.7,india,7
7,0.21,0.34,8,129583,19,101,0.9954,2.99,0.59,9.4,Spain,5
6.4,0.16,0.31,5.3,201431,42,157,0.99455,3.35,0.47,10.5,Africa,5
6,0.33,0.27,0.8,241204,12,188,0.9924,3.12,0.62,9.4,india,5
6.5,0.23,0.33,13.8,178337,25,139,0.99695,3.35,0.56,10.4,india,6
6.2,0.25,0.48,10,307920,78,240,0.99655,3.25,0.47,9.5,india,6
8.8,0.28,0.45,6,62867,14,49,0.9934,3.01,0.33,11.1,Spain,7
6.6,0.25,0.3,14.4,234789,40,183,0.998,3.02,0.5,9.1,Africa,6
6.9,0.38,0.25,9.8,245053,28,191,0.9971,3.28,0.61,9.2,india,5
6.4,0.25,0.3,5.5,165507,15,129,0.9948,3.14,0.49,9.6,Spain,6
6.6,0.25,0.3,14.4,234789,40,183,0.998,3.02,0.5,9.1,Africa,6
6.9,0.38,0.25,9.8,245053,28,191,0.9971,3.28,0.61,9.2,india,5
7.1,0.21,0.31,3.8,182186,40,142,0.99215,3.17,0.39,10.8,Spain,7
6.4,0.25,0.3,5.5,165507,15,129,0.9948,3.14,0.49,9.6,Africa,6
6.9,0.39,0.4,4.6,24377,5,19,0.9915,3.31,0.37,12.6,india,3
5.8,0.2,0.3,1.5,73131,21,57,0.99115,3.44,0.55,11,india,6
7,0.2,0.37,2,174488,26,136,0.9932,3.28,0.61,10.2,india,6
5.9,0.26,0.25,12.5,195016,38,152,0.9977,3.33,0.43,9.4,Spain,5
7.4,0.38,0.27,7.5,205280,24,160,0.99535,3.17,0.43,10,Africa,5
7.4,0.2,1.66,2.1,144979,34,113,0.99165,3.26,0.55,12.2,india,6
7,0.21,0.34,8.5,324599,31,253,0.9953,3.22,0.56,10.5,Spain,6
7.2,0.29,0.4,7.6,227091,56,177,0.9928,3.04,0.32,11.5,Africa,6
6.9,0.18,0.38,8.1,225808,44,176,0.9958,3.3,0.54,9.8,india,6
7.3,0.3,0.42,7.35,224525,51,175,0.9928,3.04,0.32,11.4,Spain,6
7.2,0.29,0.4,7.6,227091,56,177,0.9928,3.04,0.32,11.5,Africa,6
6.9,0.2,0.5,10,214261,78,167,0.9964,3.15,0.55,10.2,india,6
6.7,0.2,0.42,14,205280,83,160,0.9987,3.16,0.5,9.4,india,6
7,0.21,0.34,8.5,324599,31,253,0.9953,3.22,0.56,10.5,india,6
5.9,0.35,0.47,2.2,177054,14,138,0.9932,3.09,0.5,9.1,Spain,5
7.1,0.28,0.44,1.8,137281,32,107,0.9907,3.25,0.48,12.2,Africa,7
5.8,0.25,0.28,11.1,224525,45,175,0.99755,3.42,0.43,9.5,india,5
6.8,0.22,0.37,15.2,228374,68,178,0.99935,3.4,0.85,9.3,Spain,6
7.1,0.14,0.4,1.2,174488,55,136,0.9932,3.3,0.96,9.8,Africa,7
7.1,0.13,0.4,1.2,171922,54,134,0.9932,3.3,0.97,9.8,india,7
6.9,0.18,0.38,8.1,225808,44,176,0.9958,3.3,0.54,9.8,Spain,6
7,0.2,0.38,8.1,221959,42,173,0.99585,3.3,0.54,9.8,Africa,6
6.8,0.24,0.49,19.3,316901,55,247,1.00055,3,0.56,8.7,india,5
5,0.44,0.04,18.6,164224,38,128,0.9985,3.37,0.57,10.2,india,6
6.3,0.3,0.28,5,215544,36,168,0.99505,3.22,0.69,9.5,india,6
7.2,0.27,0.42,1.6,173205,35,135,0.992,2.94,0.46,11,Spain,6
6.7,0.5,0.63,13.4,305354,81,238,0.9988,3.08,0.44,9.2,Africa,5
6.8,0.2,0.36,1.6,59018,7,46,0.99175,3.21,0.6,10.9,india,6
6.7,0.11,0.34,8.8,144979,41,113,0.9962,3.42,0.4,9.3,Spain,7
6.7,0.11,0.34,8.8,144979,41,113,0.9962,3.42,0.4,9.3,Africa,7
6.8,0.12,0.31,5.2,153960,29,120,0.9942,3.41,0.46,9.8,india,7
6.6,0.16,0.57,1.1,179620,58,140,0.9927,3.12,0.39,9.3,Spain,7
6.6,0.21,0.6,1.1,184752,61,144,0.9927,3.12,0.39,9.3,Africa,7
6.1,0.27,0.3,16.7,220676,49,172,0.99985,3.4,0.45,9.4,india,5
9.1,0.27,0.45,10.6,159092,28,124,0.997,3.2,0.46,10.4,india,1
6.4,0.225,0.48,2.2,133432,29,104,0.9918,3.24,0.58,12.1,india,6
8.3,0.14,0.45,1.5,125734,18,98,0.99215,3.02,0.56,11,Spain,6
7.2,0.23,0.19,13.7,252751,47,197,0.99865,3.12,0.53,9,Africa,5
6.9,0.22,0.37,15,228374,59,178,0.9992,3.37,0.82,9.5,india,7
8.1,0.17,0.44,14.1,186035,43,145,1.0006,3.28,0.75,8.8,Spain,8
6,0.395,0,1.4,70565,7,55,0.99135,3.37,0.38,11.2,Africa,4
7.8,0.29,0.22,9.5,273279,44,213,0.99715,3.08,0.61,9.3,india,6
6.9,0.22,0.37,15,228374,59,178,0.9992,3.37,0.82,9.5,Spain,7
8.1,0.17,0.44,14.1,186035,43,145,1.0006,3.28,0.75,8.8,Africa,8
7.2,0.23,0.19,13.7,252751,47,197,0.99865,3.12,0.53,9,india,5
7.6,0.3,0.27,10.6,152677,31,119,0.99815,3.27,0.3,9.3,india,6
7.7,0.34,0.28,11,150111,31,117,0.99815,3.27,0.29,9.2,india,6
7.7,0.34,0.28,11,150111,31,117,0.99815,3.27,0.29,9.2,Spain,6
5.8,0.34,0.16,7,148828,26,116,0.9949,3.46,0.45,10,Africa,7
7.6,0.3,0.27,10.6,152677,31,119,0.99815,3.27,0.3,9.3,india,6
7.7,0.34,0.28,11,150111,31,117,0.99815,3.27,0.29,9.2,Spain,6
5.9,0.24,0.3,2,118036,28,92,0.99225,3.39,0.69,10.9,Africa,7
6.4,0.46,0.08,4.9,184752,34,144,0.99445,3.1,0.56,10,india,5
5.9,0.24,0.3,2,118036,28,92,0.99225,3.39,0.69,10.9,Spain,7
7.4,0.32,0.27,1.4,221959,38,173,0.99335,3.03,0.52,9.3,Africa,5
7.2,0.31,0.26,7.3,201431,37,157,0.99625,3.09,0.43,9,india,5
7.8,0.42,0.23,8.8,275845,42,215,0.9971,3.02,0.58,9.2,india,6
6.9,0.24,0.33,12.5,196299,47,153,0.9983,3.28,0.77,9.6,india,6
5.4,0.18,0.24,4.8,,30,113,0.99445,3.42,0.4,9.4,Spain,6
6,0.18,0.31,1.4,96225,14,75,0.99085,3.34,0.58,11.1,Africa,8
7.8,0.27,0.58,11.2,206563,44,161,0.9977,3.06,0.41,8.9,india,6
6,,0.49,6.8,284826,61,222,0.9953,3.19,0.47,9.3,Spain,5
6.8,0.39,0.35,11.6,282260,57,220,0.99775,3.07,0.53,9.3,Africa,5
6.6,0.21,0.31,11.4,211695,46,165,0.99795,3.41,0.44,9.8,india,7
7.3,0.32,0.34,6.6,143696,24,112,0.99505,3.22,0.46,9.8,Spain,6
7.8,0.27,,11.2,206563,44,161,0.9977,3.06,0.41,8.9,Africa,6
6.4,0.31,0.26,13.2,,57,205,0.9975,3.17,0.41,9.6,india,5
6.2,0.29,0.26,13.1,261732,55,204,0.99745,3.16,0.41,9.6,india,6
6,0.39,0.17,12,315618,65,246,0.9976,3.15,0.38,9,india,6
6.2,0.3,0.26,13.4,264298,57,206,0.99775,3.17,0.43,9.5,Spain,6
6,0.28,0.49,6.8,284826,61,222,0.9953,3.19,0.47,9.3,Africa,5
6,0.41,0.05,1.5,153960,17,120,0.9932,3.21,0.56,9.2,india,6
6.4,0.35,0.28,1.1,205280,9,160,0.99405,3.42,0.5,9.1,Spain,7
6.5,0.26,0.32,16.5,212978,44,166,1,3.38,0.46,9.5,Africa,6
7.9,0.35,0.24,15.6,293807,44,229,0.99785,3.03,0.59,10.5,india,6
6.2,0.3,0.17,2.8,160375,24,125,0.9939,3.01,0.46,9,Spain,5
8.4,0.18,0.42,5.1,98791,7,77,0.9939,3.16,0.52,11.7,Africa,5
6.6,0.56,0.22,8.9,170639,27,133,0.99675,3.2,0.51,9.1,india,5
6.2,0.3,0.17,2.8,160375,24,125,0.9939,3.01,0.46,9,india,5
6.6,0.56,0.22,8.9,170639,27,133,0.99675,3.2,0.51,9.1,india,5
6.6,0.36,0.29,1.6,109055,24,85,0.98965,3.41,0.61,12.4,Spain,1
7.3,0.655,0.2,10.2,271996,28,212,0.9971,2.96,0.58,9.2,Africa,6
6.8,0.18,0.21,5.4,133432,34,104,0.99445,3.3,,9.4,india,5
6.7,0.19,0.23,6.2,150111,36,117,0.9945,3.34,0.43,9.6,Spain,6
8.4,0.18,0.42,5.1,98791,7,77,0.9939,3.16,0.52,,Africa,5
7,0.21,0.37,7.2,214261,36,167,0.9958,3.26,0.56,9.8,india,6
6.8,0.25,0.38,8.1,198865,24,155,0.9956,3.33,0.59,10.2,Spain,6
7.4,0.24,0.36,2,178337,27,139,0.99055,3.28,0.48,12.5,Africa,1
7.1,0.16,0.36,10.7,115470,20,90,0.9959,3.16,0.44,10.9,india,7
7.1,0.16,0.36,1.2,115470,21,90,,3.16,0.42,11,india,7
7.3,0.205,0.31,1.7,141130,34,110,0.9963,3.72,0.69,10.5,india,6
7.4,0.17,0.4,5.5,206563,34,161,0.9935,3.05,,11.5,Spain,4
7.3,0.3,0.34,2.7,138564,34,108,0.99105,3.36,0.53,12.8,Africa,8
6.9,0.25,0.34,1.3,105206,27,82,0.99045,3.18,0.44,12.2,india,
7.3,0.205,0.31,1.7,141130,34,110,0.9963,3.72,0.69,10.5,Spain,6
7.5,0.42,0.34,4.3,138564,34,108,0.99155,3.14,0.45,12.8,Africa,8
7.3,0.25,0.36,2.1,227091,30,177,0.99085,3.25,0.4,11.9,india,8
7.3,0.25,0.36,2.1,227091,30,177,0.99085,3.25,0.4,11.9,Spain,8
7.3,0.25,0.36,2.1,227091,30,177,0.99085,3.25,0.4,11.9,Africa,8
7.5,0.34,0.35,6,161658,12,126,0.9924,3.16,0.39,12,india,7
7.6,,0.35,6.3,161658,12,126,0.9924,3.16,0.39,12,india,7
8.7,0.23,0.32,13.4,216827,35,169,0.99975,3.12,0.47,8.8,india,7
8.7,0.23,0.32,13.4,216827,35,169,0.99975,3.12,0.47,8.8,Spain,7
6.9,0.19,0.35,1.7,129583,33,101,0.99315,3.21,0.54,10.8,Africa,7
7.3,0.21,0.29,1.6,151394,29,118,0.9917,3.3,0.5,11,india,8
7.3,0.21,0.29,1.6,151394,29,118,0.9917,3.3,0.5,11,Spain,8
6.6,0.22,0.37,15.4,196299,62,153,0.99845,3.02,0.4,9.3,Africa,5
9.2,0.34,0.27,1.2,93659,17,73,0.9921,3.08,0.39,10.8,india,5
8.7,0.23,0.32,13.4,216827,35,169,0.99975,3.12,0.47,8.8,Spain,7
6,0.2,,1.8,134715,30,105,0.9909,3.31,0.47,11.5,Africa,6
6.9,0.19,0.35,1.7,129583,33,101,0.99315,3.21,0.54,10.8,india,7
8.2,0.38,0.49,13.6,212978,58,166,0.99855,3.1,0.54,9.4,india,5
6.9,0.18,0.36,1.3,150111,40,117,0.9934,3.27,0.95,9.5,india,7
7.7,0.34,,11.1,193733,41,151,0.9978,3.06,0.49,8.6,Spain,5
6.9,0.18,0.36,1.3,150111,40,117,0.9934,3.27,0.95,9.5,Africa,7
7.4,0.2,0.35,2.1,148828,30,116,0.9949,3.49,0.77,10.3,india,7
8.2,0.38,0.49,13.6,212978,58,166,0.99855,3.1,0.54,9.4,Spain,5
8.2,0.4,0.48,13.7,216827,,169,0.9986,3.1,0.52,9.4,Africa,5
6.7,0.22,,10.2,191167,60,149,0.99725,3.17,0.54,10,india,7
6.6,0.3,0.3,4.8,212978,60,166,0.9946,3.18,0.47,9.4,Spain,5
8.1,0.27,0.35,1.7,132149,38,103,0.99255,3.22,0.63,10.4,Africa,8
7.3,0.25,,14.2,233506,57,182,0.9996,3.29,0.75,9.1,india,7
4.8,0.34,0,6.5,209129,33,163,0.9939,3.36,0.61,9.9,india,6
6.2,0.28,0.33,1.7,142413,24,111,0.99,3.24,0.5,12.1,india,6
4.8,0.33,0,6.5,209129,34,163,0.9937,3.35,0.61,9.9,Spain,5
6.1,0.27,,2.2,150111,26,117,0.9886,3.12,0.3,12.5,Africa,6
6.9,0.18,0.36,1.3,150111,,117,0.9934,3.27,0.95,9.5,india,7
7.8,0.18,0.46,12.6,183469,41,143,1,3.24,0.76,8.5,Spain,8
7.3,0.28,0.42,14.4,221959,49,173,0.9994,3.28,0.82,9,Africa,7
7.3,0.24,0.29,1.2,124451,37,97,0.9926,3.19,0.7,10.1,india,6
6,0.45,0.65,9.7,203997,11,159,0.9956,3.04,0.48,9.4,Spain,5
7.7,0.34,0.58,11.1,193733,41,151,0.9978,3.06,0.49,8.6,Africa,5
6.3,0.26,0.21,4,160375,24,125,0.9915,3.06,0.34,10.7,india,6
10.3,0.17,0.47,1.4,42339,5,33,0.9939,2.89,0.28,9.6,india,3
7.7,0.15,0.29,1.3,82112,10,64,0.9932,3.35,0.39,10.1,india,5
7.1,0.21,0.32,2.2,180903,28,141,0.993,3.2,0.57,10,Spain,7
6.9,0.36,0.34,4.2,152677,57,119,0.9898,3.28,0.36,12.7,Africa,1
6,0.28,0.34,1.6,133432,33,104,0.9921,,0.38,10.2,india,6
6.2,0.16,0.54,1.4,141130,37,110,0.9932,3.23,0.37,8.9,Spain,6
6.9,0.12,0.36,2.2,142413,18,111,0.9919,3.41,0.82,11.9,Africa,8
7.1,0.21,0.32,2.2,180903,28,141,0.993,3.2,0.57,10,india,7
8.8,0.36,0.44,1.9,155243,9,121,0.9953,3.19,0.48,9.9,Spain,6
7.4,0.26,0.43,6,160375,22,125,0.9928,3.13,0.55,11.5,Africa,6
7.4,0.26,0.43,6,160375,22,125,0.9928,3.13,0.55,11.5,india,6
6.8,0.23,0.29,12.2,302788,38,236,0.9976,3.35,0.52,9.8,india,6
6.1,0.34,0.27,2.6,134715,20,105,0.9906,3.4,0.67,12.2,india,7
7.3,0.26,0.31,1.6,221959,39,173,0.9918,3.19,0.51,11.4,Spain,6
6.5,0.3,0.32,2,115470,34,90,0.99185,3.37,0.68,11,Africa,7
7.3,0.26,0.31,1.6,221959,39,173,0.9918,3.19,0.51,11.4,india,6
6.5,0.3,0.32,2,115470,34,90,0.99185,3.37,0.68,11,Spain,7
5,0.31,0,6.4,212978,43,166,0.994,3.3,0.63,9.9,Africa,6
5.8,0.26,0.18,1.2,146262,40,114,0.9908,,0.4,11,india,7
5.9,0.26,0.3,1,146262,38,114,0.9928,3.58,0.48,9.4,Spain,5
7,0.31,0.29,1.4,164224,33,128,0.9896,,0.36,12.2,Africa,7
5.8,0.26,0.18,1.2,146262,40,114,,3.42,0.4,11,india,7
5.6,0.19,0.39,1.1,85961,17,67,0.9918,3.23,0.53,10.3,india,6
6.8,0.18,0.28,8.7,310486,52,242,,3.22,0.53,10.5,india,6
7,0.29,0.26,1.6,111621,12,87,,3.08,0.46,10.5,Spain,6
6.6,0.26,0.29,1.4,85961,13,67,,3.05,0.49,10.9,Africa,6
6.8,0.18,0.28,8.5,310486,52,242,,3.22,0.53,10.5,india,6
6.6,0.2,0.38,7.9,186035,30,145,,3.32,0.56,11,Spain,7
8,0.29,0.29,13.2,144979,26,113,,3.25,0.37,9.7,Africa,6
6.1,0.28,0.35,12.8,293807,63,229,,3.08,0.4,8.9,india,5
5.9,0.31,0.3,7.7,264298,60,206,0.995,3.2,0.39,9.6,Spain,6
6.9,0.21,0.28,2.4,203997,49,159,0.9944,3.02,0.47,8.8,Africa,8
8.4,0.19,0.42,1.6,129583,9,101,0.994,3.06,0.65,11.1,india,4
8.3,0.27,0.45,1.3,92376,8,72,0.9944,3.08,0.61,10.3,india,4
7.1,0.25,0.39,2.1,159092,30,124,0.9908,3.28,0.43,12.2,india,8
8,0.23,0.37,9.6,203997,23,159,0.99795,3.32,0.47,9.8,Spain,4
7.5,0.24,0.31,13,278411,46,217,0.9985,3.08,0.53,8.8,Africa,5
6.3,0.33,0.2,5.8,184752,24,144,0.99425,3.15,0.63,9.9,india,5
6.2,0.33,0.19,5.6,183469,22,143,0.99425,3.15,0.63,9.9,Spain,5
6.3,0.34,0.19,5.8,186035,22,145,0.9943,3.15,0.63,9.9,Africa,5
5.8,0.29,0.05,0.8,38490,11,30,0.9924,3.36,0.35,9.2,india,5
8,0.32,0.26,1.2,112904,11.5,88,0.9946,3.24,0.37,9.5,Spain,4
5.6,0.29,0.05,0.8,38490,11,30,0.9924,3.36,0.35,9.2,Africa,5
7.4,0.13,0.39,4.7,175771,36,137,0.995,3.36,0.56,10.3,india,7
7.7,0.3,0.32,1.6,159092,23,124,0.9919,2.93,0.33,11,india,6
7,0.24,0.34,1.4,137281,27,107,0.99,3.06,0.39,11.9,india,6
8.6,0.18,0.4,1.1,137281,20,107,0.9923,2.94,0.32,10.2,Spain,7
7,0.11,0.32,4.6,184752,59,144,0.9956,3.55,0.44,9.4,Africa,7
7.7,0.32,0.62,10.6,196299,56,153,0.9978,3.13,0.44,8.9,india,6
7.7,0.32,0.62,10.6,196299,56,153,0.9978,3.13,0.44,8.9,Spain,6
6.5,0.26,0.27,12.9,275845,69,215,0.9967,3.17,0.43,10,Africa,6
7.9,0.28,0.41,2,195016,50,152,0.9934,3.45,0.49,10.7,india,8
6.3,0.27,0.23,2.9,128300,13,100,0.9936,3.28,0.43,9.8,Spain,5
5.4,0.595,0.1,2.8,102640,26,80,0.9932,3.36,0.38,9.3,Africa,5
6.7,0.25,0.33,2.9,221959,52,173,0.9934,3.02,0.48,9.5,india,7
6.5,0.25,,12,229657,47,179,0.998,3.58,0.47,10,india,5
6.1,0.36,,15,147545,42,115,0.9978,3.15,0.51,9,india,5
7.7,0.17,,5.9,107772,21,84,0.9929,3.14,0.4,11.9,Spain,7
6.4,0.26,,12.6,295090,64,230,0.9974,3.08,0.38,8.9,Africa,5
6.5,0.26,0.28,12.5,288675,80,225,0.99685,3.18,0.41,10,india,6
5.9,0.29,0.33,7.4,263015,58,205,0.99495,3.26,0.41,9.6,Spain,5
6.2,0.28,0.43,13,298939,64,233,0.99745,3.08,0.38,8.9,Africa,5
6.1,0.27,0.44,6.7,295090,61,230,0.99505,3.12,0.4,8.9,india,5
6.4,0.43,0.32,1.4,85961,10,67,0.992,3.08,0.41,11.4,Spain,5
6.1,0.36,0.58,15,147545,42,115,0.9978,3.15,0.51,9,Africa,5
6.2,0.35,0.29,7.3,313052,56,244,0.9956,3.36,0.55,10,india,6
7.7,0.24,0.29,15.3,248902,39,194,0.9982,3.06,0.47,9.6,india,7
6.2,0.34,0.28,7.5,252751,40,197,0.99485,3.14,0.6,9.7,india,5
6.3,0.27,0.46,,271996,61,212,0.9971,3.25,0.53,9.5,Spain,6
5.4,0.415,0.19,,112904,27,88,0.99265,3.54,0.41,10,Africa,7
6.9,0.48,0.36,,173205,31,135,0.9904,3.14,0.38,12.2,india,7
6.5,0.18,0.33,,168073,16,131,0.9965,3.28,0.44,8.7,Spain,7
6.7,0.15,0.29,5,134715,28,105,0.9946,3.52,0.44,10.2,Africa,7
8.2,0.345,1,18.2,263015,55,205,0.99965,2.96,0.43,9.6,india,5
8.5,0.16,0.35,1.6,188601,24,147,0.9935,2.96,0.36,10,Spain,5
6.8,0.705,0.25,3.2,73131,10,57,0.996,3.36,0.52,9.5,Africa,4
7.3,0.25,0.39,6.4,107772,8,84,0.9942,3.18,0.46,11.5,india,5
7.6,0.345,0.26,1.9,171922,15,134,0.9936,3.08,0.38,9.5,india,5
7.6,0.22,0.34,9.7,183469,26,143,0.9965,3.08,0.49,9.8,india,6
6.5,0.17,0.33,1.4,127017,14,99,0.9928,3.23,0.55,10.1,Spain,6
8.2,0.23,0.37,1.3,150111,39,117,0.9928,2.99,0.36,10,Africa,5
7.6,0.22,0.34,9.7,183469,26,143,0.9965,3.08,0.49,9.8,india,6
7.6,0.345,0.26,1.9,171922,15,134,0.9936,3.08,0.38,9.5,Spain,5
7.5,0.32,0.26,1.8,170639,13,133,0.9938,3.07,0.38,9.5,Africa,5
6.6,0.23,0.32,0.9,101357,25,79,0.9926,3.39,0.54,10.2,india,7
6.6,0.2,0.32,1.1,100074,25,78,0.9926,3.39,0.54,10.2,Spain,7
7.3,0.24,0.34,15.4,223242,38,174,0.9983,3.03,0.42,9,Africa,6
7.3,0.24,0.34,15.4,223242,38,174,0.9983,3.03,0.42,9,india,6
8,0.42,0.36,5,129583,34,101,0.992,3.13,0.57,12.3,india,7
7.3,0.24,0.34,15.4,223242,38,174,0.9983,3.03,0.42,9,india,6
6.1,0.19,0.25,4,143696,23,112,0.9923,3.37,0.51,11.6,Spain,6
5.9,0.26,0.21,12.5,195016,36,152,0.9972,3.28,0.43,9.5,Africa,6
8.3,0.23,0.43,3.2,129583,14,101,0.9928,3.15,0.36,11.5,india,5
6.5,0.34,0.28,1.8,241204,43,188,0.9928,3.13,0.37,9.6,Spain,6
6.8,,0.35,17.5,196299,38,153,0.9994,3.24,0.42,9,Africa,6
6.5,0.08,0.33,1.9,119319,23,93,0.991,3.34,0.7,12,india,7
5.5,0.42,0.09,1.6,87244,18,68,0.9906,3.33,0.51,11.4,Spain,7
5.1,0.42,0.01,1.5,130866,25,102,0.9894,3.38,0.36,12.3,Africa,7
6,,0.19,1.7,141130,24,110,0.9898,3.32,0.47,12.6,india,7
6.8,,0.35,17.5,196299,38,153,0.9994,3.24,0.42,9,india,6
6.5,0.8,0.33,1.9,119319,23,93,0.991,3.34,0.7,12,india,7
7.1,0.13,0.38,1.8,146262,14,114,0.9925,3.32,0.9,11.7,Spain,6
7.6,0.3,0.25,4.3,142413,22,111,0.9956,3.12,0.49,9.2,Africa,5
6.6,0.13,0.3,4.9,168073,47,131,0.9946,3.51,0.45,10.3,india,6
6.5,0.14,0.33,7.6,242487,53,189,0.9966,3.25,0.49,8.6,Spain,5
7.7,0.28,0.33,6.7,198865,32,155,0.9951,3.39,0.62,10.7,Africa,7
6,0.2,0.71,1.6,69282,10,54,0.9927,3.12,0.47,9.8,india,5
6,0.19,0.71,1.5,70565,9,55,0.9927,3.12,0.46,9.8,Spain,6
7.7,0.28,0.33,6.7,198865,32,155,0.9951,3.39,0.62,10.7,Africa,7
5.1,0.39,0.21,1.7,92376,15,72,0.9894,3.5,0.45,12.5,india,6
5.7,0.36,0.34,4.2,98791,21,77,0.9907,3.41,0.45,11.9,india,6
6.9,0.19,0.33,1.6,191167,63,149,0.9925,3.44,0.52,10.8,india,5
6,0.41,0.21,1.9,156526,29,122,0.9928,3.42,0.52,10.5,Spain,6
7.4,0.28,0.3,5.3,206563,44,161,0.9941,3.12,0.48,10.3,Africa,6
7.4,0.3,0.3,5.2,209129,45,163,0.9941,3.12,0.45,10.3,india,6
6.9,0.19,0.33,1.6,191167,63,149,0.9925,3.44,0.52,10.8,Spain,5
7.7,0.28,0.39,8.9,150111,8,117,0.9935,3.06,0.38,12,Africa,7
8.6,0.16,0.38,3.4,183469,41,143,0.9932,2.95,0.39,10.2,india,6
8.2,0.26,0.44,1.3,88527,7,69,0.9944,3.14,0.62,10.2,Spain,4
6.5,0.25,0.27,15.2,278411,75,217,0.9972,3.19,0.39,9.9,Africa,5
7,0.24,0.18,1.3,79546,9,62,0.994,3.38,0.47,10.1,india,4
8.6,0.18,0.36,1.8,239921,24,187,0.9956,3.25,0.55,9.5,india,6
7.8,0.27,0.34,1.6,197582,27,154,0.9927,3.05,0.45,10.5,india,6
6,,0.34,1.3,37207,6,29,0.9924,3.29,,,Spain,5
6.1,0.24,,9.8,195016,33,152,0.9966,,0.47,9.5,Africa,6
8,0.24,0.3,,,43,184,,3.05,0.5,9.2,india,6
